lockid,stationlocknr,stationid,vehicleid
1,1,1,
2,2,1,
3,3,1,
4,4,1,
5,5,1,
6,6,1,
7,7,1,
8,8,1,
9,9,1,
10,10,1,
11,11,1,
12,12,1,
13,13,1,
14,14,1,
15,15,1,
16,16,1,
17,17,1,
18,18,1,1664
19,1,2,
20,2,2,
21,3,2,
22,4,2,
23,5,2,
24,6,2,
25,7,2,
26,8,2,
27,9,2,
28,10,2,
29,11,2,
30,12,2,
31,13,2,
32,14,2,
33,15,2,
34,16,2,
35,17,2,
36,18,2,4005
37,1,3,
38,2,3,
39,3,3,
40,4,3,
41,5,3,
42,6,3,
43,7,3,
44,8,3,
45,9,3,
46,10,3,
47,11,3,
48,12,3,
49,13,3,
50,14,3,
51,15,3,
52,16,3,
53,17,3,
54,18,3,2610
55,1,4,
56,2,4,
57,3,4,
58,4,4,
59,5,4,
60,6,4,
61,7,4,
62,8,4,
63,9,4,
64,10,4,
65,11,4,
66,12,4,
67,13,4,
68,14,4,
69,15,4,
70,16,4,
71,17,4,
72,18,4,166
73,1,5,509
74,2,5,
75,3,5,
76,4,5,
77,5,5,
78,6,5,
79,7,5,
80,8,5,
81,9,5,
82,10,5,
83,11,5,
84,12,5,
85,13,5,
86,14,5,
87,15,5,
88,16,5,
89,17,5,
90,18,5,1627
91,1,6,
92,2,6,
93,3,6,
94,4,6,
95,5,6,
96,6,6,
97,7,6,
98,8,6,
99,9,6,
100,10,6,
101,11,6,
102,12,6,
103,13,6,
104,14,6,
105,15,6,
106,16,6,
107,17,6,
108,18,6,1630
109,1,7,
110,2,7,
111,3,7,
112,4,7,
113,5,7,
114,6,7,
115,7,7,
116,8,7,
117,9,7,
118,10,7,
119,11,7,
120,12,7,
121,13,7,
122,14,7,
123,15,7,
124,16,7,
125,17,7,
126,18,7,3623
127,1,8,
128,2,8,
129,3,8,
130,4,8,
131,5,8,
132,6,8,
133,7,8,
134,8,8,
135,9,8,
136,10,8,
137,11,8,
138,12,8,
139,13,8,
140,14,8,
141,15,8,
142,16,8,
143,17,8,
144,18,8,
145,19,8,
146,20,8,
147,21,8,
148,22,8,
149,23,8,
150,24,8,
151,25,8,
152,26,8,
153,27,8,
154,28,8,
155,29,8,
156,30,8,
157,31,8,
158,32,8,
159,33,8,
160,34,8,
161,35,8,5294
162,36,8,4064
163,1,9,
164,2,9,
165,3,9,
166,4,9,
167,5,9,
168,6,9,
169,7,9,
170,8,9,
171,9,9,
172,10,9,
173,11,9,
174,12,9,
175,13,9,
176,14,9,
177,15,9,
178,16,9,
179,17,9,
180,18,9,3526
181,1,10,
182,2,10,
183,3,10,
184,4,10,
185,5,10,
186,6,10,
187,7,10,
188,8,10,
189,9,10,
190,10,10,
191,11,10,
192,12,10,
193,13,10,
194,14,10,
195,15,10,
196,16,10,
197,17,10,
198,18,10,
199,1,11,
200,2,11,
201,3,11,
202,4,11,
203,5,11,
204,6,11,
205,7,11,
206,8,11,
207,9,11,
208,10,11,
209,11,11,
210,12,11,
211,13,11,
212,14,11,
213,15,11,
214,16,11,
215,17,11,
216,18,11,5630
217,1,12,
218,2,12,
219,3,12,
220,4,12,
221,5,12,
222,6,12,
223,7,12,
224,8,12,
225,9,12,
226,10,12,
227,11,12,
228,12,12,
229,13,12,
230,14,12,
231,15,12,
232,16,12,
233,17,12,
234,18,12,442
235,1,13,
236,2,13,
237,3,13,
238,4,13,
239,5,13,
240,6,13,
241,7,13,
242,8,13,
243,9,13,
244,10,13,
245,11,13,
246,12,13,
247,13,13,
248,14,13,
249,15,13,
250,16,13,
251,17,13,
252,18,13,5277
253,1,14,
254,2,14,
255,3,14,
256,4,14,
257,5,14,
258,6,14,
259,7,14,
260,8,14,
261,9,14,
262,10,14,
263,11,14,
264,12,14,
265,13,14,
266,14,14,
267,15,14,
268,16,14,
269,17,14,
270,18,14,1882
271,1,15,
272,2,15,
273,3,15,
274,4,15,
275,5,15,
276,6,15,
277,7,15,
278,8,15,
279,9,15,
280,10,15,
281,11,15,
282,12,15,
283,13,15,
284,14,15,
285,15,15,
286,16,15,
287,17,15,
288,18,15,4142
289,1,16,
290,2,16,
291,3,16,
292,4,16,
293,5,16,
294,6,16,
295,7,16,
296,8,16,
297,9,16,
298,10,16,
299,11,16,
300,12,16,
301,13,16,
302,14,16,
303,15,16,
304,16,16,
305,17,16,
306,18,16,362
307,1,17,
308,2,17,
309,3,17,
310,4,17,
311,5,17,
312,6,17,
313,7,17,
314,8,17,
315,9,17,
316,10,17,
317,11,17,
318,12,17,
319,13,17,
320,14,17,
321,15,17,
322,16,17,
323,17,17,
324,18,17,1265
325,1,18,
326,2,18,
327,3,18,
328,4,18,
329,5,18,
330,6,18,
331,7,18,
332,8,18,
333,9,18,
334,10,18,
335,11,18,
336,12,18,
337,13,18,
338,14,18,
339,15,18,
340,16,18,
341,17,18,
342,18,18,
343,19,18,
344,20,18,
345,21,18,
346,22,18,
347,23,18,
348,24,18,
349,25,18,
350,26,18,
351,27,18,
352,28,18,
353,29,18,
354,30,18,
355,31,18,
356,32,18,
357,33,18,
358,34,18,
359,35,18,5351
360,36,18,1212
361,1,19,
362,2,19,
363,3,19,
364,4,19,
365,5,19,
366,6,19,
367,7,19,
368,8,19,
369,9,19,
370,10,19,
371,11,19,
372,12,19,
373,13,19,
374,14,19,
375,15,19,
376,16,19,
377,17,19,
378,18,19,3682
379,1,20,
380,2,20,
381,3,20,
382,4,20,
383,5,20,
384,6,20,
385,7,20,
386,8,20,
387,9,20,
388,10,20,
389,11,20,
390,12,20,
391,13,20,
392,14,20,
393,15,20,
394,16,20,
395,17,20,
396,18,20,1480
397,1,21,
398,2,21,
399,3,21,
400,4,21,
401,5,21,
402,6,21,
403,7,21,
404,8,21,
405,9,21,
406,10,21,
407,11,21,
408,12,21,
409,13,21,
410,14,21,
411,15,21,
412,16,21,
413,17,21,
414,18,21,922
415,1,22,
416,2,22,
417,3,22,
418,4,22,
419,5,22,
420,6,22,
421,7,22,
422,8,22,
423,9,22,
424,10,22,
425,11,22,
426,12,22,
427,13,22,
428,14,22,
429,15,22,
430,16,22,
431,17,22,
432,18,22,1883
433,1,23,
434,2,23,
435,3,23,
436,4,23,
437,5,23,
438,6,23,
439,7,23,
440,8,23,
441,9,23,
442,10,23,
443,11,23,
444,12,23,
445,13,23,
446,14,23,
447,15,23,
448,16,23,
449,17,23,
450,18,23,145
451,1,24,
452,2,24,
453,3,24,
454,4,24,
455,5,24,
456,6,24,
457,7,24,
458,8,24,
459,9,24,
460,10,24,
461,11,24,
462,12,24,
463,13,24,
464,14,24,
465,15,24,
466,16,24,
467,17,24,
468,18,24,5284
469,1,25,
470,2,25,
471,3,25,
472,4,25,
473,5,25,
474,6,25,
475,7,25,
476,8,25,
477,9,25,
478,10,25,
479,11,25,
480,12,25,
481,13,25,
482,14,25,
483,15,25,
484,16,25,
485,17,25,
486,18,25,4119
487,1,26,
488,2,26,
489,3,26,
490,4,26,
491,5,26,
492,6,26,
493,7,26,
494,8,26,
495,9,26,
496,10,26,
497,11,26,
498,12,26,
499,13,26,
500,14,26,
501,15,26,
502,16,26,
503,17,26,
504,18,26,5596
505,1,27,
506,2,27,
507,3,27,
508,4,27,
509,5,27,
510,6,27,
511,7,27,
512,8,27,
513,9,27,
514,10,27,
515,11,27,
516,12,27,
517,13,27,
518,14,27,
519,15,27,
520,16,27,
521,17,27,
522,18,27,3576
523,1,28,2598
524,2,28,
525,3,28,
526,4,28,
527,5,28,
528,6,28,
529,7,28,
530,8,28,
531,9,28,
532,10,28,
533,11,28,
534,12,28,
535,13,28,
536,14,28,
537,15,28,
538,16,28,
539,17,28,
540,18,28,
541,19,28,
542,20,28,
543,21,28,
544,22,28,
545,23,28,
546,24,28,
547,25,28,
548,26,28,
549,27,28,
550,28,28,
551,29,28,
552,30,28,
553,31,28,
554,32,28,
555,33,28,
556,34,28,
557,35,28,2005
558,36,28,1395
559,1,29,
560,2,29,
561,3,29,
562,4,29,
563,5,29,
564,6,29,
565,7,29,
566,8,29,
567,9,29,
568,10,29,
569,11,29,
570,12,29,
571,13,29,
572,14,29,
573,15,29,
574,16,29,
575,17,29,
576,18,29,907
577,1,30,
578,2,30,
579,3,30,
580,4,30,
581,5,30,
582,6,30,
583,7,30,
584,8,30,
585,9,30,
586,10,30,
587,11,30,
588,12,30,
589,13,30,
590,14,30,
591,15,30,
592,16,30,
593,17,30,
594,18,30,
595,19,30,
596,20,30,
597,21,30,
598,22,30,
599,23,30,
600,24,30,
601,25,30,
602,26,30,
603,27,30,
604,28,30,
605,29,30,
606,30,30,
607,31,30,
608,32,30,
609,33,30,
610,34,30,
611,35,30,5643
612,36,30,939
613,1,31,
614,2,31,
615,3,31,
616,4,31,
617,5,31,
618,6,31,
619,7,31,
620,8,31,
621,9,31,
622,10,31,
623,11,31,
624,12,31,
625,13,31,
626,14,31,
627,15,31,
628,16,31,
629,17,31,
630,18,31,605
631,1,32,
632,2,32,
633,3,32,
634,4,32,
635,5,32,
636,6,32,
637,7,32,
638,8,32,
639,9,32,
640,10,32,
641,11,32,
642,12,32,
643,13,32,
644,14,32,
645,15,32,
646,16,32,
647,17,32,
648,18,32,
649,19,32,
650,20,32,
651,21,32,
652,22,32,
653,23,32,
654,24,32,
655,25,32,
656,26,32,
657,27,32,
658,28,32,
659,29,32,
660,30,32,
661,31,32,
662,32,32,
663,33,32,
664,34,32,
665,35,32,2637
666,36,32,854
667,1,33,
668,2,33,
669,3,33,
670,4,33,
671,5,33,
672,6,33,
673,7,33,
674,8,33,
675,9,33,
676,10,33,
677,11,33,
678,12,33,
679,13,33,
680,14,33,
681,15,33,
682,16,33,
683,17,33,
684,18,33,2680
685,1,34,
686,2,34,
687,3,34,
688,4,34,
689,5,34,
690,6,34,
691,7,34,
692,8,34,
693,9,34,
694,10,34,
695,11,34,
696,12,34,
697,13,34,
698,14,34,
699,15,34,
700,16,34,
701,17,34,
702,18,34,879
703,1,35,
704,2,35,
705,3,35,
706,4,35,
707,5,35,
708,6,35,
709,7,35,
710,8,35,
711,9,35,
712,10,35,
713,11,35,
714,12,35,
715,13,35,
716,14,35,
717,15,35,
718,16,35,
719,17,35,
720,18,35,1592
721,1,36,
722,2,36,
723,3,36,
724,4,36,
725,5,36,
726,6,36,
727,7,36,
728,8,36,
729,9,36,
730,10,36,
731,11,36,
732,12,36,
733,13,36,
734,14,36,
735,15,36,
736,16,36,
737,17,36,
738,18,36,760
739,1,37,
740,2,37,
741,3,37,
742,4,37,
743,5,37,
744,6,37,
745,7,37,
746,8,37,
747,9,37,
748,10,37,
749,11,37,
750,12,37,
751,13,37,
752,14,37,
753,15,37,
754,16,37,
755,17,37,
756,18,37,1411
757,1,38,
758,2,38,
759,3,38,
760,4,38,
761,5,38,
762,6,38,
763,7,38,
764,8,38,
765,9,38,
766,10,38,
767,11,38,
768,12,38,
769,13,38,
770,14,38,
771,15,38,
772,16,38,
773,17,38,
774,18,38,3672
775,1,39,
776,2,39,
777,3,39,
778,4,39,
779,5,39,
780,6,39,
781,7,39,
782,8,39,
783,9,39,
784,10,39,
785,11,39,
786,12,39,
787,13,39,
788,14,39,
789,15,39,
790,16,39,
791,17,39,
792,18,39,
793,19,39,
794,20,39,
795,21,39,
796,22,39,
797,23,39,
798,24,39,
799,25,39,
800,26,39,
801,27,39,
802,28,39,
803,29,39,
804,30,39,
805,31,39,
806,32,39,
807,33,39,
808,34,39,
809,35,39,1090
810,36,39,5595
811,1,40,
812,2,40,
813,3,40,
814,4,40,
815,5,40,
816,6,40,
817,7,40,
818,8,40,
819,9,40,
820,10,40,
821,11,40,
822,12,40,
823,13,40,
824,14,40,
825,15,40,
826,16,40,
827,17,40,
828,18,40,247
829,1,41,
830,2,41,
831,3,41,
832,4,41,
833,5,41,
834,6,41,
835,7,41,
836,8,41,
837,9,41,
838,10,41,
839,11,41,
840,12,41,
841,13,41,
842,14,41,
843,15,41,
844,16,41,
845,17,41,
846,18,41,57
847,1,42,
848,2,42,
849,3,42,
850,4,42,
851,5,42,
852,6,42,
853,7,42,
854,8,42,
855,9,42,
856,10,42,
857,11,42,
858,12,42,
859,13,42,
860,14,42,
861,15,42,
862,16,42,
863,17,42,
864,18,42,4186
865,1,43,
866,2,43,
867,3,43,
868,4,43,
869,5,43,
870,6,43,
871,7,43,
872,8,43,
873,9,43,
874,10,43,
875,11,43,
876,12,43,
877,13,43,
878,14,43,
879,15,43,
880,16,43,
881,17,43,
882,18,43,
883,19,43,
884,20,43,
885,21,43,
886,22,43,
887,23,43,
888,24,43,
889,25,43,
890,26,43,
891,27,43,
892,28,43,
893,29,43,
894,30,43,
895,31,43,
896,32,43,
897,33,43,
898,34,43,
899,35,43,741
900,36,43,3505
901,1,44,
902,2,44,
903,3,44,
904,4,44,
905,5,44,
906,6,44,
907,7,44,
908,8,44,
909,9,44,
910,10,44,
911,11,44,
912,12,44,
913,13,44,
914,14,44,
915,15,44,
916,16,44,
917,17,44,
918,18,44,1662
919,1,45,
920,2,45,
921,3,45,
922,4,45,
923,5,45,
924,6,45,
925,7,45,
926,8,45,
927,9,45,
928,10,45,
929,11,45,
930,12,45,
931,13,45,
932,14,45,
933,15,45,
934,16,45,
935,17,45,
936,18,45,4115
937,1,46,
938,2,46,
939,3,46,
940,4,46,
941,5,46,
942,6,46,
943,7,46,
944,8,46,
945,9,46,
946,10,46,
947,11,46,
948,12,46,
949,13,46,
950,14,46,
951,15,46,
952,16,46,
953,17,46,
954,18,46,
955,19,46,
956,20,46,
957,21,46,
958,22,46,
959,23,46,
960,24,46,
961,25,46,
962,26,46,
963,27,46,
964,28,46,
965,29,46,
966,30,46,
967,31,46,
968,32,46,
969,33,46,
970,34,46,
971,35,46,1709
972,36,46,2024
973,1,47,
974,2,47,
975,3,47,
976,4,47,
977,5,47,
978,6,47,
979,7,47,
980,8,47,
981,9,47,
982,10,47,
983,11,47,
984,12,47,
985,13,47,
986,14,47,
987,15,47,
988,16,47,
989,17,47,
990,18,47,1193
991,1,48,
992,2,48,
993,3,48,
994,4,48,
995,5,48,
996,6,48,
997,7,48,
998,8,48,
999,9,48,
1000,10,48,
1001,11,48,
1002,12,48,
1003,13,48,
1004,14,48,
1005,15,48,
1006,16,48,
1007,17,48,
1008,18,48,1305
1009,1,49,
1010,2,49,
1011,3,49,
1012,4,49,
1013,5,49,
1014,6,49,
1015,7,49,
1016,8,49,
1017,9,49,
1018,10,49,
1019,11,49,
1020,12,49,
1021,13,49,
1022,14,49,
1023,15,49,
1024,16,49,
1025,17,49,
1026,18,49,
1027,19,49,
1028,20,49,
1029,21,49,
1030,22,49,
1031,23,49,
1032,24,49,
1033,25,49,
1034,26,49,
1035,27,49,
1036,28,49,
1037,29,49,
1038,30,49,
1039,31,49,
1040,32,49,
1041,33,49,
1042,34,49,
1043,35,49,1744
1044,36,49,40
1045,1,50,
1046,2,50,
1047,3,50,
1048,4,50,
1049,5,50,
1050,6,50,
1051,7,50,
1052,8,50,
1053,9,50,
1054,10,50,
1055,11,50,
1056,12,50,
1057,13,50,
1058,14,50,
1059,15,50,
1060,16,50,
1061,17,50,
1062,18,50,
1063,19,50,
1064,20,50,
1065,21,50,
1066,22,50,
1067,23,50,
1068,24,50,
1069,25,50,
1070,26,50,
1071,27,50,
1072,28,50,
1073,29,50,
1074,30,50,
1075,31,50,
1076,32,50,
1077,33,50,
1078,34,50,
1079,35,50,1473
1080,36,50,1975
1081,1,51,
1082,2,51,
1083,3,51,
1084,4,51,
1085,5,51,
1086,6,51,
1087,7,51,
1088,8,51,
1089,9,51,
1090,10,51,
1091,11,51,
1092,12,51,
1093,13,51,
1094,14,51,
1095,15,51,
1096,16,51,
1097,17,51,
1098,18,51,5454
1099,1,52,
1100,2,52,
1101,3,52,
1102,4,52,
1103,5,52,
1104,6,52,
1105,7,52,
1106,8,52,
1107,9,52,
1108,10,52,
1109,11,52,
1110,12,52,
1111,13,52,
1112,14,52,
1113,15,52,
1114,16,52,
1115,17,52,
1116,18,52,
1117,19,52,
1118,20,52,
1119,21,52,
1120,22,52,
1121,23,52,
1122,24,52,
1123,25,52,
1124,26,52,
1125,27,52,
1126,28,52,
1127,29,52,
1128,30,52,
1129,31,52,
1130,32,52,
1131,33,52,
1132,34,52,
1133,35,52,974
1134,36,52,113
1135,1,53,
1136,2,53,
1137,3,53,
1138,4,53,
1139,5,53,
1140,6,53,
1141,7,53,
1142,8,53,
1143,9,53,
1144,10,53,
1145,11,53,
1146,12,53,
1147,13,53,
1148,14,53,
1149,15,53,
1150,16,53,
1151,17,53,
1152,18,53,2769
1153,1,54,
1154,2,54,
1155,3,54,
1156,4,54,
1157,5,54,
1158,6,54,
1159,7,54,
1160,8,54,
1161,9,54,
1162,10,54,
1163,11,54,
1164,12,54,
1165,13,54,
1166,14,54,
1167,15,54,
1168,16,54,
1169,17,54,
1170,18,54,497
1171,1,55,
1172,2,55,
1173,3,55,
1174,4,55,
1175,5,55,
1176,6,55,
1177,7,55,
1178,8,55,
1179,9,55,
1180,10,55,
1181,11,55,
1182,12,55,
1183,13,55,
1184,14,55,
1185,15,55,
1186,16,55,
1187,17,55,
1188,18,55,
1189,19,55,
1190,20,55,
1191,21,55,
1192,22,55,
1193,23,55,
1194,24,55,
1195,25,55,
1196,26,55,
1197,27,55,
1198,28,55,
1199,29,55,
1200,30,55,
1201,31,55,
1202,32,55,
1203,33,55,
1204,34,55,
1205,35,55,3886
1206,36,55,3673
1207,1,56,
1208,2,56,
1209,3,56,
1210,4,56,
1211,5,56,
1212,6,56,
1213,7,56,
1214,8,56,
1215,9,56,
1216,10,56,
1217,11,56,
1218,12,56,
1219,13,56,
1220,14,56,
1221,15,56,
1222,16,56,
1223,17,56,
1224,18,56,2710
1225,1,57,
1226,2,57,
1227,3,57,
1228,4,57,
1229,5,57,
1230,6,57,
1231,7,57,
1232,8,57,
1233,9,57,
1234,10,57,
1235,11,57,
1236,12,57,
1237,13,57,
1238,14,57,
1239,15,57,
1240,16,57,
1241,17,57,
1242,18,57,488
1243,1,58,
1244,2,58,
1245,3,58,
1246,4,58,
1247,5,58,
1248,6,58,
1249,7,58,
1250,8,58,
1251,9,58,
1252,10,58,
1253,11,58,
1254,12,58,
1255,13,58,
1256,14,58,
1257,15,58,
1258,16,58,
1259,17,58,
1260,18,58,959
1261,1,59,
1262,2,59,
1263,3,59,
1264,4,59,
1265,5,59,
1266,6,59,
1267,7,59,
1268,8,59,
1269,9,59,
1270,10,59,
1271,11,59,
1272,12,59,
1273,13,59,
1274,14,59,
1275,15,59,
1276,16,59,
1277,17,59,
1278,18,59,379
1279,1,60,
1280,2,60,
1281,3,60,
1282,4,60,
1283,5,60,
1284,6,60,
1285,7,60,
1286,8,60,
1287,9,60,
1288,10,60,
1289,11,60,
1290,12,60,
1291,13,60,
1292,14,60,
1293,15,60,
1294,16,60,
1295,17,60,
1296,18,60,868
1297,1,61,
1298,2,61,
1299,3,61,
1300,4,61,
1301,5,61,
1302,6,61,
1303,7,61,
1304,8,61,
1305,9,61,
1306,10,61,
1307,11,61,
1308,12,61,
1309,13,61,
1310,14,61,
1311,15,61,
1312,16,61,
1313,17,61,
1314,18,61,5754
1315,1,62,
1316,2,62,
1317,3,62,
1318,4,62,
1319,5,62,
1320,6,62,
1321,7,62,
1322,8,62,
1323,9,62,
1324,10,62,
1325,11,62,
1326,12,62,
1327,13,62,
1328,14,62,
1329,15,62,
1330,16,62,
1331,17,62,
1332,18,62,
1333,19,62,
1334,20,62,
1335,21,62,
1336,22,62,
1337,23,62,
1338,24,62,
1339,25,62,
1340,26,62,
1341,27,62,
1342,28,62,
1343,29,62,
1344,30,62,
1345,31,62,
1346,32,62,
1347,33,62,
1348,34,62,
1349,35,62,5526
1350,36,62,1024
1351,1,63,
1352,2,63,
1353,3,63,
1354,4,63,
1355,5,63,
1356,6,63,
1357,7,63,
1358,8,63,
1359,9,63,
1360,10,63,
1361,11,63,
1362,12,63,
1363,13,63,
1364,14,63,
1365,15,63,
1366,16,63,
1367,17,63,
1368,18,63,1289
1369,1,64,
1370,2,64,
1371,3,64,
1372,4,64,
1373,5,64,
1374,6,64,
1375,7,64,
1376,8,64,
1377,9,64,
1378,10,64,
1379,11,64,
1380,12,64,
1381,13,64,
1382,14,64,
1383,15,64,
1384,16,64,
1385,17,64,
1386,18,64,2566
1387,1,65,
1388,2,65,
1389,3,65,
1390,4,65,
1391,5,65,
1392,6,65,
1393,7,65,
1394,8,65,
1395,9,65,
1396,10,65,
1397,11,65,
1398,12,65,
1399,13,65,
1400,14,65,
1401,15,65,
1402,16,65,
1403,17,65,
1404,18,65,2678
1405,1,66,
1406,2,66,
1407,3,66,
1408,4,66,
1409,5,66,
1410,6,66,
1411,7,66,
1412,8,66,
1413,9,66,
1414,10,66,
1415,11,66,
1416,12,66,
1417,13,66,
1418,14,66,
1419,15,66,
1420,16,66,
1421,17,66,
1422,18,66,
1423,1,67,
1424,2,67,
1425,3,67,
1426,4,67,
1427,5,67,
1428,6,67,
1429,7,67,
1430,8,67,
1431,9,67,
1432,10,67,
1433,11,67,
1434,12,67,
1435,13,67,
1436,14,67,
1437,15,67,
1438,16,67,
1439,17,67,
1440,18,67,1525
1441,1,68,
1442,2,68,
1443,3,68,
1444,4,68,
1445,5,68,
1446,6,68,
1447,7,68,
1448,8,68,
1449,9,68,
1450,10,68,
1451,11,68,
1452,12,68,
1453,13,68,
1454,14,68,
1455,15,68,
1456,16,68,
1457,17,68,
1458,18,68,1508
1459,1,69,
1460,2,69,
1461,3,69,
1462,4,69,
1463,5,69,
1464,6,69,
1465,7,69,
1466,8,69,
1467,9,69,
1468,10,69,
1469,11,69,
1470,12,69,
1471,13,69,
1472,14,69,
1473,15,69,
1474,16,69,
1475,17,69,
1476,18,69,1997
1477,1,70,
1478,2,70,
1479,3,70,
1480,4,70,
1481,5,70,
1482,6,70,
1483,7,70,
1484,8,70,
1485,9,70,
1486,10,70,
1487,11,70,
1488,12,70,
1489,13,70,
1490,14,70,
1491,15,70,
1492,16,70,
1493,17,70,
1494,18,70,1094
1495,1,71,
1496,2,71,
1497,3,71,
1498,4,71,
1499,5,71,
1500,6,71,
1501,7,71,
1502,8,71,
1503,9,71,
1504,10,71,
1505,11,71,
1506,12,71,
1507,13,71,
1508,14,71,
1509,15,71,
1510,16,71,
1511,17,71,
1512,18,71,435
1513,1,72,
1514,2,72,
1515,3,72,
1516,4,72,
1517,5,72,
1518,6,72,
1519,7,72,
1520,8,72,
1521,9,72,
1522,10,72,
1523,11,72,
1524,12,72,
1525,13,72,
1526,14,72,
1527,15,72,
1528,16,72,
1529,17,72,
1530,18,72,5262
1531,1,73,
1532,2,73,
1533,3,73,
1534,4,73,
1535,5,73,
1536,6,73,
1537,7,73,
1538,8,73,
1539,9,73,
1540,10,73,
1541,11,73,
1542,12,73,
1543,13,73,
1544,14,73,
1545,15,73,
1546,16,73,
1547,17,73,
1548,18,73,450
1549,1,74,
1550,2,74,
1551,3,74,
1552,4,74,
1553,5,74,
1554,6,74,
1555,7,74,
1556,8,74,
1557,9,74,
1558,10,74,
1559,11,74,
1560,12,74,
1561,13,74,
1562,14,74,
1563,15,74,
1564,16,74,
1565,17,74,
1566,18,74,1301
1567,1,75,
1568,2,75,
1569,3,75,
1570,4,75,
1571,5,75,
1572,6,75,
1573,7,75,
1574,8,75,
1575,9,75,
1576,10,75,
1577,11,75,
1578,12,75,
1579,13,75,
1580,14,75,
1581,15,75,
1582,16,75,
1583,17,75,
1584,18,75,
1585,19,75,
1586,20,75,
1587,21,75,
1588,22,75,
1589,23,75,
1590,24,75,
1591,25,75,
1592,26,75,
1593,27,75,
1594,28,75,
1595,29,75,
1596,30,75,
1597,31,75,
1598,32,75,
1599,33,75,
1600,34,75,
1601,35,75,1656
1602,36,75,89
1603,1,76,
1604,2,76,
1605,3,76,
1606,4,76,
1607,5,76,
1608,6,76,
1609,7,76,
1610,8,76,
1611,9,76,
1612,10,76,
1613,11,76,
1614,12,76,
1615,13,76,
1616,14,76,
1617,15,76,
1618,16,76,
1619,17,76,
1620,18,76,4151
1621,1,77,
1622,2,77,
1623,3,77,
1624,4,77,
1625,5,77,
1626,6,77,
1627,7,77,
1628,8,77,
1629,9,77,
1630,10,77,
1631,11,77,
1632,12,77,
1633,13,77,
1634,14,77,
1635,15,77,
1636,16,77,
1637,17,77,
1638,18,77,2742
1639,1,78,
1640,2,78,
1641,3,78,
1642,4,78,
1643,5,78,
1644,6,78,
1645,7,78,
1646,8,78,
1647,9,78,
1648,10,78,
1649,11,78,
1650,12,78,
1651,13,78,
1652,14,78,
1653,15,78,
1654,16,78,
1655,17,78,
1656,18,78,935
1657,1,79,
1658,2,79,
1659,3,79,
1660,4,79,
1661,5,79,
1662,6,79,
1663,7,79,
1664,8,79,
1665,9,79,
1666,10,79,
1667,11,79,
1668,12,79,
1669,13,79,
1670,14,79,
1671,15,79,
1672,16,79,
1673,17,79,
1674,18,79,1687
1675,1,80,
1676,2,80,
1677,3,80,
1678,4,80,
1679,5,80,
1680,6,80,
1681,7,80,
1682,8,80,
1683,9,80,
1684,10,80,
1685,11,80,
1686,12,80,
1687,13,80,
1688,14,80,
1689,15,80,
1690,16,80,
1691,17,80,
1692,18,80,
1693,19,80,
1694,20,80,
1695,21,80,
1696,22,80,
1697,23,80,
1698,24,80,
1699,25,80,
1700,26,80,
1701,27,80,
1702,28,80,
1703,29,80,
1704,30,80,
1705,31,80,
1706,32,80,
1707,33,80,
1708,34,80,
1709,35,80,
1710,36,80,4056
1711,1,81,
1712,2,81,
1713,3,81,
1714,4,81,
1715,5,81,
1716,6,81,
1717,7,81,
1718,8,81,
1719,9,81,
1720,10,81,
1721,11,81,
1722,12,81,
1723,13,81,
1724,14,81,
1725,15,81,
1726,16,81,
1727,17,81,
1728,18,81,3571
1729,1,82,
1730,2,82,
1731,3,82,
1732,4,82,
1733,5,82,
1734,6,82,
1735,7,82,
1736,8,82,
1737,9,82,
1738,10,82,
1739,11,82,
1740,12,82,
1741,13,82,
1742,14,82,
1743,15,82,
1744,16,82,
1745,17,82,
1746,18,82,1421
1747,1,83,
1748,2,83,
1749,3,83,
1750,4,83,
1751,5,83,
1752,6,83,
1753,7,83,
1754,8,83,
1755,9,83,
1756,10,83,
1757,11,83,
1758,12,83,
1759,13,83,
1760,14,83,
1761,15,83,
1762,16,83,
1763,17,83,
1764,18,83,621
1765,1,84,
1766,2,84,
1767,3,84,
1768,4,84,
1769,5,84,
1770,6,84,
1771,7,84,
1772,8,84,
1773,9,84,
1774,10,84,
1775,11,84,
1776,12,84,
1777,13,84,
1778,14,84,
1779,15,84,
1780,16,84,
1781,17,84,
1782,18,84,2714
1783,1,85,
1784,2,85,
1785,3,85,
1786,4,85,
1787,5,85,
1788,6,85,
1789,7,85,
1790,8,85,
1791,9,85,
1792,10,85,
1793,11,85,
1794,12,85,
1795,13,85,
1796,14,85,
1797,15,85,
1798,16,85,
1799,17,85,
1800,18,85,514
1801,1,86,
1802,2,86,
1803,3,86,
1804,4,86,
1805,5,86,
1806,6,86,
1807,7,86,
1808,8,86,
1809,9,86,
1810,10,86,
1811,11,86,
1812,12,86,
1813,13,86,
1814,14,86,
1815,15,86,
1816,16,86,
1817,17,86,
1818,18,86,682
1819,1,87,
1820,2,87,
1821,3,87,
1822,4,87,
1823,5,87,
1824,6,87,
1825,7,87,
1826,8,87,
1827,9,87,
1828,10,87,
1829,11,87,
1830,12,87,
1831,13,87,
1832,14,87,
1833,15,87,
1834,16,87,
1835,17,87,
1836,18,87,
1837,1,88,
1838,2,88,
1839,3,88,
1840,4,88,
1841,5,88,
1842,6,88,
1843,7,88,
1844,8,88,
1845,9,88,
1846,10,88,
1847,11,88,
1848,12,88,
1849,13,88,
1850,14,88,
1851,15,88,
1852,16,88,
1853,17,88,
1854,18,88,951
1855,1,89,
1856,2,89,
1857,3,89,
1858,4,89,
1859,5,89,
1860,6,89,
1861,7,89,
1862,8,89,
1863,9,89,
1864,10,89,
1865,11,89,
1866,12,89,
1867,13,89,
1868,14,89,
1869,15,89,
1870,16,89,
1871,17,89,
1872,18,89,1310
1873,1,90,
1874,2,90,
1875,3,90,
1876,4,90,
1877,5,90,
1878,6,90,
1879,7,90,
1880,8,90,
1881,9,90,
1882,10,90,
1883,11,90,
1884,12,90,
1885,13,90,
1886,14,90,
1887,15,90,
1888,16,90,
1889,17,90,
1890,18,90,3635
1891,1,91,
1892,2,91,
1893,3,91,
1894,4,91,
1895,5,91,
1896,6,91,
1897,7,91,
1898,8,91,
1899,9,91,
1900,10,91,
1901,11,91,
1902,12,91,
1903,13,91,
1904,14,91,
1905,15,91,
1906,16,91,
1907,17,91,
1908,18,91,5799
1909,1,92,
1910,2,92,
1911,3,92,
1912,4,92,
1913,5,92,
1914,6,92,
1915,7,92,
1916,8,92,
1917,9,92,
1918,10,92,
1919,11,92,
1920,12,92,
1921,13,92,
1922,14,92,
1923,15,92,
1924,16,92,
1925,17,92,
1926,18,92,269
1927,1,93,
1928,2,93,
1929,3,93,
1930,4,93,
1931,5,93,
1932,6,93,
1933,7,93,
1934,8,93,
1935,9,93,
1936,10,93,
1937,11,93,
1938,12,93,
1939,13,93,
1940,14,93,
1941,15,93,
1942,16,93,
1943,17,93,
1944,18,93,2724
1945,1,94,
1946,2,94,
1947,3,94,
1948,4,94,
1949,5,94,
1950,6,94,
1951,7,94,
1952,8,94,
1953,9,94,
1954,10,94,
1955,11,94,
1956,12,94,
1957,13,94,
1958,14,94,
1959,15,94,
1960,16,94,
1961,17,94,
1962,18,94,1797
1963,1,95,
1964,2,95,
1965,3,95,
1966,4,95,
1967,5,95,
1968,6,95,
1969,7,95,
1970,8,95,
1971,9,95,
1972,10,95,
1973,11,95,
1974,12,95,
1975,13,95,
1976,14,95,
1977,15,95,
1978,16,95,
1979,17,95,
1980,18,95,1420
1981,1,96,
1982,2,96,
1983,3,96,
1984,4,96,
1985,5,96,
1986,6,96,
1987,7,96,
1988,8,96,
1989,9,96,
1990,10,96,
1991,11,96,
1992,12,96,
1993,13,96,
1994,14,96,
1995,15,96,
1996,16,96,
1997,17,96,
1998,18,96,5721
1999,1,97,
2000,2,97,
2001,3,97,
2002,4,97,
2003,5,97,
2004,6,97,
2005,7,97,
2006,8,97,
2007,9,97,
2008,10,97,
2009,11,97,
2010,12,97,
2011,13,97,
2012,14,97,
2013,15,97,
2014,16,97,
2015,17,97,
2016,18,97,
2017,19,97,
2018,20,97,
2019,21,97,
2020,22,97,
2021,23,97,
2022,24,97,
2023,25,97,
2024,26,97,
2025,27,97,
2026,28,97,
2027,29,97,
2028,30,97,
2029,31,97,
2030,32,97,
2031,33,97,
2032,34,97,
2033,35,97,3668
2034,36,97,915
2035,1,98,
2036,2,98,
2037,3,98,
2038,4,98,
2039,5,98,
2040,6,98,
2041,7,98,
2042,8,98,
2043,9,98,
2044,10,98,
2045,11,98,
2046,12,98,
2047,13,98,
2048,14,98,
2049,15,98,
2050,16,98,
2051,17,98,
2052,18,98,1595
2053,1,99,
2054,2,99,
2055,3,99,
2056,4,99,
2057,5,99,
2058,6,99,
2059,7,99,
2060,8,99,
2061,9,99,
2062,10,99,
2063,11,99,
2064,12,99,
2065,13,99,
2066,14,99,
2067,15,99,
2068,16,99,
2069,17,99,
2070,18,99,1315
2071,1,100,
2072,2,100,
2073,3,100,
2074,4,100,
2075,5,100,
2076,6,100,
2077,7,100,
2078,8,100,
2079,9,100,
2080,10,100,
2081,11,100,
2082,12,100,
2083,13,100,
2084,14,100,
2085,15,100,
2086,16,100,
2087,17,100,
2088,18,100,
2089,1,101,
2090,2,101,
2091,3,101,
2092,4,101,
2093,5,101,
2094,6,101,
2095,7,101,
2096,8,101,
2097,9,101,
2098,10,101,
2099,11,101,
2100,12,101,
2101,13,101,
2102,14,101,
2103,15,101,
2104,16,101,
2105,17,101,
2106,18,101,319
2107,1,102,
2108,2,102,
2109,3,102,
2110,4,102,
2111,5,102,
2112,6,102,
2113,7,102,
2114,8,102,
2115,9,102,
2116,10,102,
2117,11,102,
2118,12,102,
2119,13,102,
2120,14,102,
2121,15,102,
2122,16,102,
2123,17,102,
2124,18,102,1373
2125,1,103,
2126,2,103,
2127,3,103,
2128,4,103,
2129,5,103,
2130,6,103,
2131,7,103,
2132,8,103,
2133,9,103,
2134,10,103,
2135,11,103,
2136,12,103,
2137,13,103,
2138,14,103,
2139,15,103,
2140,16,103,
2141,17,103,
2142,18,103,19
2143,1,104,
2144,2,104,
2145,3,104,
2146,4,104,
2147,5,104,
2148,6,104,
2149,7,104,
2150,8,104,
2151,9,104,
2152,10,104,
2153,11,104,
2154,12,104,
2155,13,104,
2156,14,104,
2157,15,104,
2158,16,104,
2159,17,104,
2160,18,104,
2161,1,105,
2162,2,105,
2163,3,105,
2164,4,105,
2165,5,105,
2166,6,105,
2167,7,105,
2168,8,105,
2169,9,105,
2170,10,105,
2171,11,105,
2172,12,105,
2173,13,105,
2174,14,105,
2175,15,105,
2176,16,105,
2177,17,105,
2178,18,105,4084
2179,1,106,
2180,2,106,
2181,3,106,
2182,4,106,
2183,5,106,
2184,6,106,
2185,7,106,
2186,8,106,
2187,9,106,
2188,10,106,
2189,11,106,
2190,12,106,
2191,13,106,
2192,14,106,
2193,15,106,
2194,16,106,
2195,17,106,
2196,18,106,1929
2197,1,107,
2198,2,107,
2199,3,107,
2200,4,107,
2201,5,107,
2202,6,107,
2203,7,107,
2204,8,107,
2205,9,107,
2206,10,107,
2207,11,107,
2208,12,107,
2209,13,107,
2210,14,107,
2211,15,107,
2212,16,107,
2213,17,107,
2214,18,107,779
2215,1,108,
2216,2,108,
2217,3,108,
2218,4,108,
2219,5,108,
2220,6,108,
2221,7,108,
2222,8,108,
2223,9,108,
2224,10,108,
2225,11,108,
2226,12,108,
2227,13,108,
2228,14,108,
2229,15,108,
2230,16,108,
2231,17,108,
2232,18,108,
2233,19,108,
2234,20,108,
2235,21,108,
2236,22,108,
2237,23,108,
2238,24,108,
2239,25,108,
2240,26,108,
2241,27,108,
2242,28,108,
2243,29,108,
2244,30,108,
2245,31,108,
2246,32,108,
2247,33,108,
2248,34,108,
2249,35,108,3733
2250,36,108,406
2251,1,109,
2252,2,109,
2253,3,109,
2254,4,109,
2255,5,109,
2256,6,109,
2257,7,109,
2258,8,109,
2259,9,109,
2260,10,109,
2261,11,109,
2262,12,109,
2263,13,109,
2264,14,109,
2265,15,109,
2266,16,109,
2267,17,109,
2268,18,109,2675
2269,1,110,
2270,2,110,
2271,3,110,
2272,4,110,
2273,5,110,
2274,6,110,
2275,7,110,
2276,8,110,
2277,9,110,
2278,10,110,
2279,11,110,
2280,12,110,
2281,13,110,
2282,14,110,
2283,15,110,
2284,16,110,
2285,17,110,
2286,18,110,
2287,19,110,
2288,20,110,
2289,21,110,
2290,22,110,
2291,23,110,
2292,24,110,
2293,25,110,
2294,26,110,
2295,27,110,
2296,28,110,
2297,29,110,
2298,30,110,
2299,31,110,
2300,32,110,
2301,33,110,
2302,34,110,
2303,35,110,847
2304,36,110,1916
2305,1,111,
2306,2,111,
2307,3,111,
2308,4,111,
2309,5,111,
2310,6,111,
2311,7,111,
2312,8,111,
2313,9,111,
2314,10,111,
2315,11,111,
2316,12,111,
2317,13,111,
2318,14,111,
2319,15,111,
2320,16,111,
2321,17,111,
2322,18,111,1189
2323,1,112,
2324,2,112,
2325,3,112,
2326,4,112,
2327,5,112,
2328,6,112,
2329,7,112,
2330,8,112,
2331,9,112,
2332,10,112,
2333,11,112,
2334,12,112,
2335,13,112,
2336,14,112,
2337,15,112,
2338,16,112,
2339,17,112,
2340,18,112,3481
2341,1,113,
2342,2,113,
2343,3,113,
2344,4,113,
2345,5,113,
2346,6,113,
2347,7,113,
2348,8,113,
2349,9,113,
2350,10,113,
2351,11,113,
2352,12,113,
2353,13,113,
2354,14,113,
2355,15,113,
2356,16,113,
2357,17,113,
2358,18,113,5776
2359,1,114,
2360,2,114,
2361,3,114,
2362,4,114,
2363,5,114,
2364,6,114,
2365,7,114,
2366,8,114,
2367,9,114,
2368,10,114,
2369,11,114,
2370,12,114,
2371,13,114,
2372,14,114,
2373,15,114,
2374,16,114,
2375,17,114,
2376,18,114,3703
2377,1,115,
2378,2,115,
2379,3,115,
2380,4,115,
2381,5,115,
2382,6,115,
2383,7,115,
2384,8,115,
2385,9,115,
2386,10,115,
2387,11,115,
2388,12,115,
2389,13,115,
2390,14,115,
2391,15,115,
2392,16,115,
2393,17,115,
2394,18,115,770
2395,1,116,
2396,2,116,
2397,3,116,
2398,4,116,
2399,5,116,
2400,6,116,
2401,7,116,
2402,8,116,
2403,9,116,
2404,10,116,
2405,11,116,
2406,12,116,
2407,13,116,
2408,14,116,
2409,15,116,
2410,16,116,
2411,17,116,
2412,18,116,4019
2413,1,117,
2414,2,117,
2415,3,117,
2416,4,117,
2417,5,117,
2418,6,117,
2419,7,117,
2420,8,117,
2421,9,117,
2422,10,117,
2423,11,117,
2424,12,117,
2425,13,117,
2426,14,117,
2427,15,117,
2428,16,117,
2429,17,117,
2430,18,117,3625
2431,1,118,
2432,2,118,
2433,3,118,
2434,4,118,
2435,5,118,
2436,6,118,
2437,7,118,
2438,8,118,
2439,9,118,
2440,10,118,
2441,11,118,
2442,12,118,
2443,13,118,
2444,14,118,
2445,15,118,
2446,16,118,
2447,17,118,
2448,18,118,581
2449,1,119,
2450,2,119,
2451,3,119,
2452,4,119,
2453,5,119,
2454,6,119,
2455,7,119,
2456,8,119,
2457,9,119,
2458,10,119,
2459,11,119,
2460,12,119,
2461,13,119,
2462,14,119,
2463,15,119,
2464,16,119,
2465,17,119,
2466,18,119,5652
2467,1,120,
2468,2,120,
2469,3,120,
2470,4,120,
2471,5,120,
2472,6,120,
2473,7,120,
2474,8,120,
2475,9,120,
2476,10,120,
2477,11,120,
2478,12,120,
2479,13,120,
2480,14,120,
2481,15,120,
2482,16,120,
2483,17,120,
2484,18,120,178
2485,1,121,
2486,2,121,
2487,3,121,
2488,4,121,
2489,5,121,
2490,6,121,
2491,7,121,
2492,8,121,
2493,9,121,
2494,10,121,
2495,11,121,
2496,12,121,
2497,13,121,
2498,14,121,
2499,15,121,
2500,16,121,
2501,17,121,
2502,18,121,
2503,19,121,
2504,20,121,
2505,21,121,
2506,22,121,
2507,23,121,
2508,24,121,
2509,25,121,
2510,26,121,
2511,27,121,
2512,28,121,
2513,29,121,
2514,30,121,
2515,31,121,
2516,32,121,
2517,33,121,
2518,34,121,
2519,35,121,1696
2520,36,121,
2521,1,122,
2522,2,122,
2523,3,122,
2524,4,122,
2525,5,122,
2526,6,122,
2527,7,122,
2528,8,122,
2529,9,122,
2530,10,122,
2531,11,122,
2532,12,122,
2533,13,122,
2534,14,122,
2535,15,122,
2536,16,122,
2537,17,122,
2538,18,122,3560
2539,1,123,
2540,2,123,
2541,3,123,
2542,4,123,
2543,5,123,
2544,6,123,
2545,7,123,
2546,8,123,
2547,9,123,
2548,10,123,
2549,11,123,
2550,12,123,
2551,13,123,
2552,14,123,
2553,15,123,
2554,16,123,
2555,17,123,
2556,18,123,205
2557,1,124,
2558,2,124,
2559,3,124,
2560,4,124,
2561,5,124,
2562,6,124,
2563,7,124,
2564,8,124,
2565,9,124,
2566,10,124,
2567,11,124,
2568,12,124,
2569,13,124,
2570,14,124,
2571,15,124,
2572,16,124,
2573,17,124,
2574,18,124,
2575,19,124,
2576,20,124,
2577,21,124,
2578,22,124,
2579,23,124,
2580,24,124,
2581,25,124,
2582,26,124,
2583,27,124,
2584,28,124,
2585,29,124,
2586,30,124,
2587,31,124,
2588,32,124,
2589,33,124,
2590,34,124,
2591,35,124,4122
2592,36,124,3449
2593,1,125,
2594,2,125,
2595,3,125,
2596,4,125,
2597,5,125,
2598,6,125,
2599,7,125,
2600,8,125,
2601,9,125,
2602,10,125,
2603,11,125,
2604,12,125,
2605,13,125,
2606,14,125,
2607,15,125,
2608,16,125,
2609,17,125,
2610,18,125,5632
2611,1,126,
2612,2,126,
2613,3,126,
2614,4,126,
2615,5,126,
2616,6,126,
2617,7,126,
2618,8,126,
2619,9,126,
2620,10,126,
2621,11,126,
2622,12,126,
2623,13,126,
2624,14,126,
2625,15,126,
2626,16,126,
2627,17,126,
2628,18,126,1071
2629,1,127,
2630,2,127,
2631,3,127,
2632,4,127,
2633,5,127,
2634,6,127,
2635,7,127,
2636,8,127,
2637,9,127,
2638,10,127,
2639,11,127,
2640,12,127,
2641,13,127,
2642,14,127,
2643,15,127,
2644,16,127,
2645,17,127,
2646,18,127,140
2647,1,128,
2648,2,128,
2649,3,128,
2650,4,128,
2651,5,128,
2652,6,128,
2653,7,128,
2654,8,128,
2655,9,128,
2656,10,128,
2657,11,128,
2658,12,128,
2659,13,128,
2660,14,128,
2661,15,128,
2662,16,128,
2663,17,128,
2664,18,128,3574
2665,1,129,
2666,2,129,
2667,3,129,
2668,4,129,
2669,5,129,
2670,6,129,
2671,7,129,
2672,8,129,
2673,9,129,
2674,10,129,
2675,11,129,
2676,12,129,
2677,13,129,
2678,14,129,
2679,15,129,
2680,16,129,
2681,17,129,
2682,18,129,781
2683,1,130,
2684,2,130,
2685,3,130,
2686,4,130,
2687,5,130,
2688,6,130,
2689,7,130,
2690,8,130,
2691,9,130,
2692,10,130,
2693,11,130,
2694,12,130,
2695,13,130,
2696,14,130,
2697,15,130,
2698,16,130,
2699,17,130,
2700,18,130,37
2701,1,131,
2702,2,131,
2703,3,131,
2704,4,131,
2705,5,131,
2706,6,131,
2707,7,131,
2708,8,131,
2709,9,131,
2710,10,131,
2711,11,131,
2712,12,131,
2713,13,131,
2714,14,131,
2715,15,131,
2716,16,131,
2717,17,131,
2718,18,131,5623
2719,1,132,
2720,2,132,
2721,3,132,
2722,4,132,
2723,5,132,
2724,6,132,
2725,7,132,
2726,8,132,
2727,9,132,
2728,10,132,
2729,11,132,
2730,12,132,
2731,13,132,
2732,14,132,
2733,15,132,
2734,16,132,
2735,17,132,
2736,18,132,5327
2737,1,133,
2738,2,133,
2739,3,133,
2740,4,133,
2741,5,133,
2742,6,133,
2743,7,133,
2744,8,133,
2745,9,133,
2746,10,133,
2747,11,133,
2748,12,133,
2749,13,133,
2750,14,133,
2751,15,133,
2752,16,133,
2753,17,133,
2754,18,133,5379
2755,1,134,
2756,2,134,
2757,3,134,
2758,4,134,
2759,5,134,
2760,6,134,
2761,7,134,
2762,8,134,
2763,9,134,
2764,10,134,
2765,11,134,
2766,12,134,
2767,13,134,
2768,14,134,
2769,15,134,
2770,16,134,
2771,17,134,
2772,18,134,3437
2773,1,135,
2774,2,135,
2775,3,135,
2776,4,135,
2777,5,135,
2778,6,135,
2779,7,135,
2780,8,135,
2781,9,135,
2782,10,135,
2783,11,135,
2784,12,135,
2785,13,135,
2786,14,135,
2787,15,135,
2788,16,135,
2789,17,135,
2790,18,135,1775
2791,1,136,
2792,2,136,
2793,3,136,
2794,4,136,
2795,5,136,
2796,6,136,
2797,7,136,
2798,8,136,
2799,9,136,
2800,10,136,
2801,11,136,
2802,12,136,
2803,13,136,
2804,14,136,
2805,15,136,
2806,16,136,
2807,17,136,
2808,18,136,
2809,19,136,
2810,20,136,
2811,21,136,
2812,22,136,
2813,23,136,
2814,24,136,
2815,25,136,
2816,26,136,
2817,27,136,
2818,28,136,
2819,29,136,
2820,30,136,
2821,31,136,
2822,32,136,
2823,33,136,
2824,34,136,
2825,35,136,5286
2826,36,136,1049
2827,1,137,
2828,2,137,
2829,3,137,
2830,4,137,
2831,5,137,
2832,6,137,
2833,7,137,
2834,8,137,
2835,9,137,
2836,10,137,
2837,11,137,
2838,12,137,
2839,13,137,
2840,14,137,
2841,15,137,
2842,16,137,
2843,17,137,
2844,18,137,2694
2845,1,138,
2846,2,138,
2847,3,138,
2848,4,138,
2849,5,138,
2850,6,138,
2851,7,138,
2852,8,138,
2853,9,138,
2854,10,138,
2855,11,138,
2856,12,138,
2857,13,138,
2858,14,138,
2859,15,138,
2860,16,138,
2861,17,138,
2862,18,138,1732
2863,1,139,
2864,2,139,
2865,3,139,
2866,4,139,
2867,5,139,
2868,6,139,
2869,7,139,
2870,8,139,
2871,9,139,
2872,10,139,
2873,11,139,
2874,12,139,
2875,13,139,
2876,14,139,
2877,15,139,
2878,16,139,
2879,17,139,
2880,18,139,
2881,19,139,
2882,20,139,
2883,21,139,
2884,22,139,
2885,23,139,
2886,24,139,
2887,25,139,
2888,26,139,
2889,27,139,
2890,28,139,
2891,29,139,
2892,30,139,
2893,31,139,
2894,32,139,
2895,33,139,
2896,34,139,
2897,35,139,1590
2898,36,139,954
2899,1,140,
2900,2,140,
2901,3,140,
2902,4,140,
2903,5,140,
2904,6,140,
2905,7,140,
2906,8,140,
2907,9,140,
2908,10,140,
2909,11,140,
2910,12,140,
2911,13,140,
2912,14,140,
2913,15,140,
2914,16,140,
2915,17,140,
2916,18,140,
2917,19,140,
2918,20,140,
2919,21,140,
2920,22,140,
2921,23,140,
2922,24,140,
2923,25,140,
2924,26,140,
2925,27,140,
2926,28,140,
2927,29,140,
2928,30,140,
2929,31,140,
2930,32,140,
2931,33,140,
2932,34,140,
2933,35,140,5611
2934,36,140,1792
2935,1,141,
2936,2,141,
2937,3,141,
2938,4,141,
2939,5,141,
2940,6,141,
2941,7,141,
2942,8,141,
2943,9,141,
2944,10,141,
2945,11,141,
2946,12,141,
2947,13,141,
2948,14,141,
2949,15,141,
2950,16,141,
2951,17,141,
2952,18,141,
2953,19,141,
2954,20,141,
2955,21,141,
2956,22,141,
2957,23,141,
2958,24,141,
2959,25,141,
2960,26,141,
2961,27,141,
2962,28,141,
2963,29,141,
2964,30,141,
2965,31,141,
2966,32,141,
2967,33,141,
2968,34,141,
2969,35,141,1795
2970,36,141,4131
2971,1,142,
2972,2,142,
2973,3,142,
2974,4,142,
2975,5,142,
2976,6,142,
2977,7,142,
2978,8,142,
2979,9,142,
2980,10,142,
2981,11,142,
2982,12,142,
2983,13,142,
2984,14,142,
2985,15,142,
2986,16,142,
2987,17,142,
2988,18,142,5314
2989,1,143,
2990,2,143,
2991,3,143,
2992,4,143,
2993,5,143,
2994,6,143,
2995,7,143,
2996,8,143,
2997,9,143,
2998,10,143,
2999,11,143,
3000,12,143,
3001,13,143,
3002,14,143,
3003,15,143,
3004,16,143,
3005,17,143,
3006,18,143,3785
3007,1,144,
3008,2,144,
3009,3,144,
3010,4,144,
3011,5,144,
3012,6,144,
3013,7,144,
3014,8,144,
3015,9,144,
3016,10,144,
3017,11,144,
3018,12,144,
3019,13,144,
3020,14,144,
3021,15,144,
3022,16,144,
3023,17,144,
3024,18,144,1676
3025,1,145,
3026,2,145,
3027,3,145,
3028,4,145,
3029,5,145,
3030,6,145,
3031,7,145,
3032,8,145,
3033,9,145,
3034,10,145,
3035,11,145,
3036,12,145,
3037,13,145,
3038,14,145,
3039,15,145,
3040,16,145,
3041,17,145,
3042,18,145,
3043,19,145,
3044,20,145,
3045,21,145,
3046,22,145,
3047,23,145,
3048,24,145,
3049,25,145,
3050,26,145,
3051,27,145,
3052,28,145,
3053,29,145,
3054,30,145,
3055,31,145,
3056,32,145,
3057,33,145,
3058,34,145,
3059,35,145,2670
3060,36,145,1895
3061,1,146,
3062,2,146,
3063,3,146,
3064,4,146,
3065,5,146,
3066,6,146,
3067,7,146,
3068,8,146,
3069,9,146,
3070,10,146,
3071,11,146,
3072,12,146,
3073,13,146,
3074,14,146,
3075,15,146,
3076,16,146,
3077,17,146,
3078,18,146,
3079,19,146,
3080,20,146,
3081,21,146,
3082,22,146,
3083,23,146,
3084,24,146,
3085,25,146,
3086,26,146,
3087,27,146,
3088,28,146,
3089,29,146,
3090,30,146,
3091,31,146,
3092,32,146,
3093,33,146,
3094,34,146,
3095,35,146,131
3096,36,146,2748
3097,1,147,
3098,2,147,
3099,3,147,
3100,4,147,
3101,5,147,
3102,6,147,
3103,7,147,
3104,8,147,
3105,9,147,
3106,10,147,
3107,11,147,
3108,12,147,
3109,13,147,
3110,14,147,
3111,15,147,
3112,16,147,
3113,17,147,
3114,18,147,711
3115,1,148,
3116,2,148,
3117,3,148,
3118,4,148,
3119,5,148,
3120,6,148,
3121,7,148,
3122,8,148,
3123,9,148,
3124,10,148,
3125,11,148,
3126,12,148,
3127,13,148,
3128,14,148,
3129,15,148,
3130,16,148,
3131,17,148,
3132,18,148,782
3133,1,149,
3134,2,149,
3135,3,149,
3136,4,149,
3137,5,149,
3138,6,149,
3139,7,149,
3140,8,149,
3141,9,149,
3142,10,149,
3143,11,149,
3144,12,149,
3145,13,149,
3146,14,149,
3147,15,149,
3148,16,149,
3149,17,149,
3150,18,149,
3151,19,149,
3152,20,149,
3153,21,149,
3154,22,149,
3155,23,149,
3156,24,149,
3157,25,149,
3158,26,149,
3159,27,149,
3160,28,149,
3161,29,149,
3162,30,149,
3163,31,149,
3164,32,149,
3165,33,149,
3166,34,149,
3167,35,149,3619
3168,36,149,100
3169,1,150,
3170,2,150,
3171,3,150,
3172,4,150,
3173,5,150,
3174,6,150,
3175,7,150,
3176,8,150,
3177,9,150,
3178,10,150,
3179,11,150,
3180,12,150,
3181,13,150,
3182,14,150,
3183,15,150,
3184,16,150,
3185,17,150,
3186,18,150,
3187,19,150,
3188,20,150,
3189,21,150,
3190,22,150,
3191,23,150,
3192,24,150,
3193,25,150,
3194,26,150,
3195,27,150,
3196,28,150,
3197,29,150,
3198,30,150,
3199,31,150,
3200,32,150,
3201,33,150,
3202,34,150,
3203,35,150,1758
3204,36,150,731
3205,1,151,
3206,2,151,
3207,3,151,
3208,4,151,
3209,5,151,
3210,6,151,
3211,7,151,
3212,8,151,
3213,9,151,
3214,10,151,
3215,11,151,
3216,12,151,
3217,13,151,
3218,14,151,
3219,15,151,
3220,16,151,
3221,17,151,
3222,18,151,2583
3223,1,152,
3224,2,152,
3225,3,152,
3226,4,152,
3227,5,152,
3228,6,152,
3229,7,152,
3230,8,152,
3231,9,152,
3232,10,152,
3233,11,152,
3234,12,152,
3235,13,152,
3236,14,152,
3237,15,152,
3238,16,152,
3239,17,152,
3240,18,152,
3241,19,152,
3242,20,152,
3243,21,152,
3244,22,152,
3245,23,152,
3246,24,152,
3247,25,152,
3248,26,152,
3249,27,152,
3250,28,152,
3251,29,152,
3252,30,152,
3253,31,152,
3254,32,152,
3255,33,152,
3256,34,152,
3257,35,152,1577
3258,36,152,5735
3259,1,153,
3260,2,153,
3261,3,153,
3262,4,153,
3263,5,153,
3264,6,153,
3265,7,153,
3266,8,153,
3267,9,153,
3268,10,153,
3269,11,153,
3270,12,153,
3271,13,153,
3272,14,153,
3273,15,153,
3274,16,153,
3275,17,153,
3276,18,153,4126
3277,1,154,
3278,2,154,
3279,3,154,
3280,4,154,
3281,5,154,
3282,6,154,
3283,7,154,
3284,8,154,
3285,9,154,
3286,10,154,
3287,11,154,
3288,12,154,
3289,13,154,
3290,14,154,
3291,15,154,
3292,16,154,
3293,17,154,
3294,18,154,
3295,19,154,
3296,20,154,
3297,21,154,
3298,22,154,
3299,23,154,
3300,24,154,
3301,25,154,
3302,26,154,
3303,27,154,
3304,28,154,
3305,29,154,
3306,30,154,
3307,31,154,
3308,32,154,
3309,33,154,
3310,34,154,
3311,35,154,1831
3312,36,154,1109
3313,1,155,
3314,2,155,
3315,3,155,
3316,4,155,
3317,5,155,
3318,6,155,
3319,7,155,
3320,8,155,
3321,9,155,
3322,10,155,
3323,11,155,
3324,12,155,
3325,13,155,
3326,14,155,
3327,15,155,
3328,16,155,
3329,17,155,
3330,18,155,
3331,19,155,
3332,20,155,
3333,21,155,
3334,22,155,
3335,23,155,
3336,24,155,
3337,25,155,
3338,26,155,
3339,27,155,
3340,28,155,
3341,29,155,
3342,30,155,
3343,31,155,
3344,32,155,
3345,33,155,
3346,34,155,
3347,35,155,4086
3348,36,155,3711
3349,1,156,
3350,2,156,
3351,3,156,
3352,4,156,
3353,5,156,
3354,6,156,
3355,7,156,
3356,8,156,
3357,9,156,
3358,10,156,
3359,11,156,
3360,12,156,
3361,13,156,
3362,14,156,
3363,15,156,
3364,16,156,
3365,17,156,
3366,18,156,
3367,19,156,
3368,20,156,
3369,21,156,
3370,22,156,
3371,23,156,
3372,24,156,
3373,25,156,
3374,26,156,
3375,27,156,
3376,28,156,
3377,29,156,
3378,30,156,
3379,31,156,
3380,32,156,
3381,33,156,
3382,34,156,
3383,35,156,873
3384,36,156,887
3385,1,157,
3386,2,157,
3387,3,157,
3388,4,157,
3389,5,157,
3390,6,157,
3391,7,157,
3392,8,157,
3393,9,157,
3394,10,157,
3395,11,157,
3396,12,157,
3397,13,157,
3398,14,157,
3399,15,157,
3400,16,157,
3401,17,157,
3402,18,157,
3403,19,157,
3404,20,157,
3405,21,157,
3406,22,157,
3407,23,157,
3408,24,157,
3409,25,157,
3410,26,157,
3411,27,157,
3412,28,157,
3413,29,157,
3414,30,157,
3415,31,157,
3416,32,157,
3417,33,157,
3418,34,157,
3419,35,157,1722
3420,36,157,5607
3421,1,158,
3422,2,158,
3423,3,158,
3424,4,158,
3425,5,158,
3426,6,158,
3427,7,158,
3428,8,158,
3429,9,158,
3430,10,158,
3431,11,158,
3432,12,158,
3433,13,158,
3434,14,158,
3435,15,158,
3436,16,158,
3437,17,158,
3438,18,158,
3439,19,158,
3440,20,158,
3441,21,158,
3442,22,158,
3443,23,158,
3444,24,158,
3445,25,158,
3446,26,158,
3447,27,158,
3448,28,158,
3449,29,158,
3450,30,158,
3451,31,158,
3452,32,158,
3453,33,158,
3454,34,158,
3455,35,158,1824
3456,36,158,4002
3457,1,159,
3458,2,159,
3459,3,159,
3460,4,159,
3461,5,159,
3462,6,159,
3463,7,159,
3464,8,159,
3465,9,159,
3466,10,159,
3467,11,159,
3468,12,159,
3469,13,159,
3470,14,159,
3471,15,159,
3472,16,159,
3473,17,159,
3474,18,159,
3475,19,159,
3476,20,159,
3477,21,159,
3478,22,159,
3479,23,159,
3480,24,159,
3481,25,159,
3482,26,159,
3483,27,159,
3484,28,159,
3485,29,159,
3486,30,159,
3487,31,159,
3488,32,159,
3489,33,159,
3490,34,159,
3491,35,159,3500
3492,36,159,2627
3493,1,160,
3494,2,160,
3495,3,160,
3496,4,160,
3497,5,160,
3498,6,160,
3499,7,160,
3500,8,160,
3501,9,160,
3502,10,160,
3503,11,160,
3504,12,160,
3505,13,160,
3506,14,160,
3507,15,160,
3508,16,160,
3509,17,160,
3510,18,160,
3511,19,160,
3512,20,160,
3513,21,160,
3514,22,160,
3515,23,160,
3516,24,160,
3517,25,160,
3518,26,160,
3519,27,160,
3520,28,160,
3521,29,160,
3522,30,160,
3523,31,160,
3524,32,160,
3525,33,160,
3526,34,160,
3527,35,160,3903
3528,36,160,2001
3529,1,161,
3530,2,161,
3531,3,161,
3532,4,161,
3533,5,161,
3534,6,161,
3535,7,161,
3536,8,161,
3537,9,161,
3538,10,161,
3539,11,161,
3540,12,161,
3541,13,161,
3542,14,161,
3543,15,161,
3544,16,161,
3545,17,161,
3546,18,161,
3547,19,161,
3548,20,161,
3549,21,161,
3550,22,161,
3551,23,161,
3552,24,161,
3553,25,161,
3554,26,161,
3555,27,161,
3556,28,161,
3557,29,161,
3558,30,161,
3559,31,161,
3560,32,161,
3561,33,161,
3562,34,161,
3563,35,161,5685
3564,36,161,1059
3565,1,162,
3566,2,162,
3567,3,162,
3568,4,162,
3569,5,162,
3570,6,162,
3571,7,162,
3572,8,162,
3573,9,162,
3574,10,162,
3575,11,162,
3576,12,162,
3577,13,162,
3578,14,162,
3579,15,162,
3580,16,162,
3581,17,162,
3582,18,162,
3583,19,162,
3584,20,162,
3585,21,162,
3586,22,162,
3587,23,162,
3588,24,162,
3589,25,162,
3590,26,162,
3591,27,162,
3592,28,162,
3593,29,162,
3594,30,162,
3595,31,162,
3596,32,162,
3597,33,162,
3598,34,162,
3599,35,162,5774
3600,36,162,183
3601,1,163,249
3602,2,163,
3603,3,163,
3604,4,163,
3605,5,163,
3606,6,163,
3607,7,163,
3608,8,163,
3609,9,163,
3610,10,163,
3611,11,163,
3612,12,163,
3613,13,163,
3614,14,163,
3615,15,163,
3616,16,163,
3617,17,163,
3618,18,163,2740
3619,1,164,
3620,2,164,
3621,3,164,
3622,4,164,
3623,5,164,
3624,6,164,
3625,7,164,
3626,8,164,
3627,9,164,
3628,10,164,
3629,11,164,
3630,12,164,
3631,13,164,
3632,14,164,
3633,15,164,
3634,16,164,
3635,17,164,
3636,18,164,
3637,19,164,
3638,20,164,
3639,21,164,
3640,22,164,
3641,23,164,
3642,24,164,
3643,25,164,
3644,26,164,
3645,27,164,
3646,28,164,
3647,29,164,
3648,30,164,
3649,31,164,
3650,32,164,
3651,33,164,
3652,34,164,
3653,35,164,343
3654,36,164,5402
3655,1,165,
3656,2,165,
3657,3,165,
3658,4,165,
3659,5,165,
3660,6,165,
3661,7,165,
3662,8,165,
3663,9,165,
3664,10,165,
3665,11,165,
3666,12,165,
3667,13,165,
3668,14,165,
3669,15,165,
3670,16,165,
3671,17,165,
3672,18,165,3774
3673,1,166,
3674,2,166,
3675,3,166,
3676,4,166,
3677,5,166,
3678,6,166,
3679,7,166,
3680,8,166,
3681,9,166,
3682,10,166,
3683,11,166,
3684,12,166,
3685,13,166,
3686,14,166,
3687,15,166,
3688,16,166,
3689,17,166,
3690,18,166,
3691,19,166,
3692,20,166,
3693,21,166,
3694,22,166,
3695,23,166,
3696,24,166,
3697,25,166,
3698,26,166,
3699,27,166,
3700,28,166,
3701,29,166,
3702,30,166,
3703,31,166,
3704,32,166,
3705,33,166,
3706,34,166,
3707,35,166,1294
3708,36,166,420
3709,1,167,
3710,2,167,
3711,3,167,
3712,4,167,
3713,5,167,
3714,6,167,
3715,7,167,
3716,8,167,
3717,9,167,
3718,10,167,
3719,11,167,
3720,12,167,
3721,13,167,
3722,14,167,
3723,15,167,
3724,16,167,
3725,17,167,
3726,18,167,
3727,19,167,
3728,20,167,
3729,21,167,
3730,22,167,
3731,23,167,
3732,24,167,
3733,25,167,
3734,26,167,
3735,27,167,
3736,28,167,
3737,29,167,
3738,30,167,
3739,31,167,
3740,32,167,
3741,33,167,
3742,34,167,
3743,35,167,3519
3744,36,167,492
3745,1,168,
3746,2,168,
3747,3,168,
3748,4,168,
3749,5,168,
3750,6,168,
3751,7,168,
3752,8,168,
3753,9,168,
3754,10,168,
3755,11,168,
3756,12,168,
3757,13,168,
3758,14,168,
3759,15,168,
3760,16,168,
3761,17,168,
3762,18,168,
3763,19,168,
3764,20,168,
3765,21,168,
3766,22,168,
3767,23,168,
3768,24,168,
3769,25,168,
3770,26,168,
3771,27,168,
3772,28,168,
3773,29,168,
3774,30,168,
3775,31,168,
3776,32,168,
3777,33,168,
3778,34,168,
3779,35,168,5553
3780,36,168,3920
3781,1,169,
3782,2,169,
3783,3,169,
3784,4,169,
3785,5,169,
3786,6,169,
3787,7,169,
3788,8,169,
3789,9,169,
3790,10,169,
3791,11,169,
3792,12,169,
3793,13,169,
3794,14,169,
3795,15,169,
3796,16,169,
3797,17,169,
3798,18,169,
3799,19,169,
3800,20,169,
3801,21,169,
3802,22,169,
3803,23,169,
3804,24,169,
3805,25,169,
3806,26,169,
3807,27,169,
3808,28,169,
3809,29,169,
3810,30,169,
3811,31,169,
3812,32,169,
3813,33,169,
3814,34,169,
3815,35,169,533
3816,36,169,2662
3817,1,170,
3818,2,170,
3819,3,170,
3820,4,170,
3821,5,170,
3822,6,170,
3823,7,170,
3824,8,170,
3825,9,170,
3826,10,170,
3827,11,170,
3828,12,170,
3829,13,170,
3830,14,170,
3831,15,170,
3832,16,170,
3833,17,170,
3834,18,170,4195
3835,1,171,
3836,2,171,
3837,3,171,
3838,4,171,
3839,5,171,
3840,6,171,
3841,7,171,
3842,8,171,
3843,9,171,
3844,10,171,
3845,11,171,
3846,12,171,
3847,13,171,
3848,14,171,
3849,15,171,
3850,16,171,
3851,17,171,
3852,18,171,
3853,19,171,
3854,20,171,
3855,21,171,
3856,22,171,
3857,23,171,
3858,24,171,
3859,25,171,
3860,26,171,
3861,27,171,
3862,28,171,
3863,29,171,
3864,30,171,
3865,31,171,
3866,32,171,
3867,33,171,
3868,34,171,
3869,35,171,3830
3870,36,171,5628
3871,1,172,
3872,2,172,
3873,3,172,
3874,4,172,
3875,5,172,
3876,6,172,
3877,7,172,
3878,8,172,
3879,9,172,
3880,10,172,
3881,11,172,
3882,12,172,
3883,13,172,
3884,14,172,
3885,15,172,
3886,16,172,
3887,17,172,
3888,18,172,401
3889,1,173,
3890,2,173,
3891,3,173,
3892,4,173,
3893,5,173,
3894,6,173,
3895,7,173,
3896,8,173,
3897,9,173,
3898,10,173,
3899,11,173,
3900,12,173,
3901,13,173,
3902,14,173,
3903,15,173,
3904,16,173,
3905,17,173,
3906,18,173,
3907,19,173,
3908,20,173,
3909,21,173,
3910,22,173,
3911,23,173,
3912,24,173,
3913,25,173,
3914,26,173,
3915,27,173,
3916,28,173,
3917,29,173,
3918,30,173,
3919,31,173,
3920,32,173,
3921,33,173,
3922,34,173,
3923,35,173,1296
3924,36,173,5473
3925,1,174,
3926,2,174,
3927,3,174,
3928,4,174,
3929,5,174,
3930,6,174,
3931,7,174,
3932,8,174,
3933,9,174,
3934,10,174,
3935,11,174,
3936,12,174,
3937,13,174,
3938,14,174,
3939,15,174,
3940,16,174,
3941,17,174,
3942,18,174,3658
3943,1,175,
3944,2,175,
3945,3,175,
3946,4,175,
3947,5,175,
3948,6,175,
3949,7,175,
3950,8,175,
3951,9,175,
3952,10,175,
3953,11,175,
3954,12,175,
3955,13,175,
3956,14,175,
3957,15,175,
3958,16,175,
3959,17,175,
3960,18,175,
3961,19,175,
3962,20,175,
3963,21,175,
3964,22,175,
3965,23,175,
3966,24,175,
3967,25,175,
3968,26,175,
3969,27,175,
3970,28,175,
3971,29,175,
3972,30,175,
3973,31,175,
3974,32,175,
3975,33,175,
3976,34,175,
3977,35,175,5572
3978,36,175,2007
3979,1,176,
3980,2,176,
3981,3,176,
3982,4,176,
3983,5,176,
3984,6,176,
3985,7,176,
3986,8,176,
3987,9,176,
3988,10,176,
3989,11,176,
3990,12,176,
3991,13,176,
3992,14,176,
3993,15,176,
3994,16,176,
3995,17,176,
3996,18,176,
3997,19,176,
3998,20,176,
3999,21,176,
4000,22,176,
4001,23,176,
4002,24,176,
4003,25,176,
4004,26,176,
4005,27,176,
4006,28,176,
4007,29,176,
4008,30,176,
4009,31,176,
4010,32,176,
4011,33,176,
4012,34,176,
4013,35,176,5790
4014,36,176,1597
4015,1,177,
4016,2,177,
4017,3,177,
4018,4,177,
4019,5,177,
4020,6,177,
4021,7,177,
4022,8,177,
4023,9,177,
4024,10,177,
4025,11,177,
4026,12,177,
4027,13,177,
4028,14,177,
4029,15,177,
4030,16,177,
4031,17,177,
4032,18,177,
4033,19,177,
4034,20,177,
4035,21,177,
4036,22,177,
4037,23,177,
4038,24,177,
4039,25,177,
4040,26,177,
4041,27,177,
4042,28,177,
4043,29,177,
4044,30,177,
4045,31,177,
4046,32,177,
4047,33,177,
4048,34,177,
4049,35,177,4178
4050,36,177,
4051,1,178,
4052,2,178,
4053,3,178,
4054,4,178,
4055,5,178,
4056,6,178,
4057,7,178,
4058,8,178,
4059,9,178,
4060,10,178,
4061,11,178,
4062,12,178,
4063,13,178,
4064,14,178,
4065,15,178,
4066,16,178,
4067,17,178,
4068,18,178,
4069,19,178,
4070,20,178,
4071,21,178,
4072,22,178,
4073,23,178,
4074,24,178,
4075,25,178,
4076,26,178,
4077,27,178,
4078,28,178,
4079,29,178,
4080,30,178,
4081,31,178,
4082,32,178,
4083,33,178,
4084,34,178,
4085,35,178,1839
4086,36,178,5550
4087,1,179,
4088,2,179,
4089,3,179,
4090,4,179,
4091,5,179,
4092,6,179,
4093,7,179,
4094,8,179,
4095,9,179,
4096,10,179,
4097,11,179,
4098,12,179,
4099,13,179,
4100,14,179,
4101,15,179,
4102,16,179,
4103,17,179,
4104,18,179,
4105,19,179,
4106,20,179,
4107,21,179,
4108,22,179,
4109,23,179,
4110,24,179,
4111,25,179,
4112,26,179,
4113,27,179,
4114,28,179,
4115,29,179,
4116,30,179,
4117,31,179,
4118,32,179,
4119,33,179,
4120,34,179,
4121,35,179,3891
4122,36,179,1962
4123,1,180,
4124,2,180,
4125,3,180,
4126,4,180,
4127,5,180,
4128,6,180,
4129,7,180,
4130,8,180,
4131,9,180,
4132,10,180,
4133,11,180,
4134,12,180,
4135,13,180,
4136,14,180,
4137,15,180,
4138,16,180,
4139,17,180,
4140,18,180,
4141,19,180,
4142,20,180,
4143,21,180,
4144,22,180,
4145,23,180,
4146,24,180,
4147,25,180,
4148,26,180,
4149,27,180,
4150,28,180,
4151,29,180,
4152,30,180,
4153,31,180,
4154,32,180,
4155,33,180,
4156,34,180,
4157,35,180,112
4158,36,180,4183
4159,1,181,4009
4160,2,181,
4161,3,181,
4162,4,181,
4163,5,181,
4164,6,181,
4165,7,181,
4166,8,181,
4167,9,181,
4168,10,181,
4169,11,181,
4170,12,181,
4171,13,181,
4172,14,181,
4173,15,181,
4174,16,181,
4175,17,181,
4176,18,181,
4177,19,181,
4178,20,181,
4179,21,181,
4180,22,181,
4181,23,181,
4182,24,181,
4183,25,181,
4184,26,181,
4185,27,181,
4186,28,181,
4187,29,181,
4188,30,181,
4189,31,181,
4190,32,181,
4191,33,181,
4192,34,181,
4193,35,181,3929
4194,36,181,486
4195,1,182,
4196,2,182,
4197,3,182,
4198,4,182,
4199,5,182,
4200,6,182,
4201,7,182,
4202,8,182,
4203,9,182,
4204,10,182,
4205,11,182,
4206,12,182,
4207,13,182,
4208,14,182,
4209,15,182,
4210,16,182,
4211,17,182,
4212,18,182,
4213,19,182,
4214,20,182,
4215,21,182,
4216,22,182,
4217,23,182,
4218,24,182,
4219,25,182,
4220,26,182,
4221,27,182,
4222,28,182,
4223,29,182,
4224,30,182,
4225,31,182,
4226,32,182,
4227,33,182,
4228,34,182,
4229,35,182,1003
4230,36,182,2684
4231,1,183,
4232,2,183,
4233,3,183,
4234,4,183,
4235,5,183,
4236,6,183,
4237,7,183,
4238,8,183,
4239,9,183,
4240,10,183,
4241,11,183,
4242,12,183,
4243,13,183,
4244,14,183,
4245,15,183,
4246,16,183,
4247,17,183,
4248,18,183,3868
4249,1,184,
4250,2,184,
4251,3,184,
4252,4,184,
4253,5,184,
4254,6,184,
4255,7,184,
4256,8,184,
4257,9,184,
4258,10,184,
4259,11,184,
4260,12,184,
4261,13,184,
4262,14,184,
4263,15,184,
4264,16,184,
4265,17,184,
4266,18,184,662
4267,1,185,
4268,2,185,
4269,3,185,
4270,4,185,
4271,5,185,
4272,6,185,
4273,7,185,
4274,8,185,
4275,9,185,
4276,10,185,
4277,11,185,
4278,12,185,
4279,13,185,
4280,14,185,
4281,15,185,
4282,16,185,
4283,17,185,
4284,18,185,
4285,19,185,
4286,20,185,
4287,21,185,
4288,22,185,
4289,23,185,
4290,24,185,
4291,25,185,
4292,26,185,
4293,27,185,
4294,28,185,
4295,29,185,
4296,30,185,
4297,31,185,
4298,32,185,
4299,33,185,
4300,34,185,
4301,35,185,1950
4302,36,185,1569
4303,1,186,
4304,2,186,
4305,3,186,
4306,4,186,
4307,5,186,
4308,6,186,
4309,7,186,
4310,8,186,
4311,9,186,
4312,10,186,
4313,11,186,
4314,12,186,
4315,13,186,
4316,14,186,
4317,15,186,
4318,16,186,
4319,17,186,
4320,18,186,
4321,19,186,
4322,20,186,
4323,21,186,
4324,22,186,
4325,23,186,
4326,24,186,
4327,25,186,
4328,26,186,
4329,27,186,
4330,28,186,
4331,29,186,
4332,30,186,
4333,31,186,
4334,32,186,
4335,33,186,
4336,34,186,
4337,35,186,771
4338,36,186,5767
4339,1,187,
4340,2,187,
4341,3,187,
4342,4,187,
4343,5,187,
4344,6,187,
4345,7,187,
4346,8,187,
4347,9,187,
4348,10,187,
4349,11,187,
4350,12,187,
4351,13,187,
4352,14,187,
4353,15,187,
4354,16,187,
4355,17,187,
4356,18,187,
4357,19,187,
4358,20,187,
4359,21,187,
4360,22,187,
4361,23,187,
4362,24,187,
4363,25,187,
4364,26,187,
4365,27,187,
4366,28,187,
4367,29,187,
4368,30,187,
4369,31,187,
4370,32,187,
4371,33,187,
4372,34,187,
4373,35,187,
4374,36,187,1418
4375,1,188,
4376,2,188,
4377,3,188,
4378,4,188,
4379,5,188,
4380,6,188,
4381,7,188,
4382,8,188,
4383,9,188,
4384,10,188,
4385,11,188,
4386,12,188,
4387,13,188,
4388,14,188,
4389,15,188,
4390,16,188,
4391,17,188,
4392,18,188,
4393,19,188,
4394,20,188,
4395,21,188,
4396,22,188,
4397,23,188,
4398,24,188,
4399,25,188,
4400,26,188,
4401,27,188,
4402,28,188,
4403,29,188,
4404,30,188,
4405,31,188,
4406,32,188,
4407,33,188,
4408,34,188,
4409,35,188,5616
4410,36,188,222
4411,1,189,
4412,2,189,
4413,3,189,
4414,4,189,
4415,5,189,
4416,6,189,
4417,7,189,
4418,8,189,
4419,9,189,
4420,10,189,
4421,11,189,
4422,12,189,
4423,13,189,
4424,14,189,
4425,15,189,
4426,16,189,
4427,17,189,
4428,18,189,
4429,19,189,
4430,20,189,
4431,21,189,
4432,22,189,
4433,23,189,
4434,24,189,
4435,25,189,
4436,26,189,
4437,27,189,
4438,28,189,
4439,29,189,
4440,30,189,
4441,31,189,
4442,32,189,
4443,33,189,
4444,34,189,
4445,35,189,523
4446,36,189,270
4447,1,190,
4448,2,190,
4449,3,190,
4450,4,190,
4451,5,190,
4452,6,190,
4453,7,190,
4454,8,190,
4455,9,190,
4456,10,190,
4457,11,190,
4458,12,190,
4459,13,190,
4460,14,190,
4461,15,190,
4462,16,190,
4463,17,190,
4464,18,190,4025
4465,1,191,
4466,2,191,
4467,3,191,
4468,4,191,
4469,5,191,
4470,6,191,
4471,7,191,
4472,8,191,
4473,9,191,
4474,10,191,
4475,11,191,
4476,12,191,
4477,13,191,
4478,14,191,
4479,15,191,
4480,16,191,
4481,17,191,
4482,18,191,
4483,19,191,
4484,20,191,
4485,21,191,
4486,22,191,
4487,23,191,
4488,24,191,
4489,25,191,
4490,26,191,
4491,27,191,
4492,28,191,
4493,29,191,
4494,30,191,
4495,31,191,
4496,32,191,
4497,33,191,
4498,34,191,
4499,35,191,5495
4500,36,191,3745
4501,1,192,
4502,2,192,
4503,3,192,
4504,4,192,
4505,5,192,
4506,6,192,
4507,7,192,
4508,8,192,
4509,9,192,
4510,10,192,
4511,11,192,
4512,12,192,
4513,13,192,
4514,14,192,
4515,15,192,
4516,16,192,
4517,17,192,
4518,18,192,
4519,19,192,
4520,20,192,
4521,21,192,
4522,22,192,
4523,23,192,
4524,24,192,
4525,25,192,
4526,26,192,
4527,27,192,
4528,28,192,
4529,29,192,
4530,30,192,
4531,31,192,
4532,32,192,
4533,33,192,
4534,34,192,
4535,35,192,1268
4536,36,192,1468
4537,1,193,
4538,2,193,
4539,3,193,
4540,4,193,
4541,5,193,
4542,6,193,
4543,7,193,
4544,8,193,
4545,9,193,
4546,10,193,
4547,11,193,
4548,12,193,
4549,13,193,
4550,14,193,
4551,15,193,
4552,16,193,
4553,17,193,
4554,18,193,
4555,19,193,
4556,20,193,
4557,21,193,
4558,22,193,
4559,23,193,
4560,24,193,
4561,25,193,
4562,26,193,
4563,27,193,
4564,28,193,
4565,29,193,
4566,30,193,
4567,31,193,
4568,32,193,
4569,33,193,
4570,34,193,
4571,35,193,970
4572,36,193,5627
4573,1,194,
4574,2,194,
4575,3,194,
4576,4,194,
4577,5,194,
4578,6,194,
4579,7,194,
4580,8,194,
4581,9,194,
4582,10,194,
4583,11,194,
4584,12,194,
4585,13,194,
4586,14,194,
4587,15,194,
4588,16,194,
4589,17,194,
4590,18,194,5730
4591,1,195,
4592,2,195,
4593,3,195,
4594,4,195,
4595,5,195,
4596,6,195,
4597,7,195,
4598,8,195,
4599,9,195,
4600,10,195,
4601,11,195,
4602,12,195,
4603,13,195,
4604,14,195,
4605,15,195,
4606,16,195,
4607,17,195,
4608,18,195,3475
4609,1,196,
4610,2,196,
4611,3,196,
4612,4,196,
4613,5,196,
4614,6,196,
4615,7,196,
4616,8,196,
4617,9,196,
4618,10,196,
4619,11,196,
4620,12,196,
4621,13,196,
4622,14,196,
4623,15,196,
4624,16,196,
4625,17,196,
4626,18,196,
4627,19,196,
4628,20,196,
4629,21,196,
4630,22,196,
4631,23,196,
4632,24,196,
4633,25,196,
4634,26,196,
4635,27,196,
4636,28,196,
4637,29,196,
4638,30,196,
4639,31,196,
4640,32,196,
4641,33,196,
4642,34,196,
4643,35,196,2562
4644,36,196,2777
4645,1,197,
4646,2,197,
4647,3,197,
4648,4,197,
4649,5,197,
4650,6,197,
4651,7,197,
4652,8,197,
4653,9,197,
4654,10,197,
4655,11,197,
4656,12,197,
4657,13,197,
4658,14,197,
4659,15,197,
4660,16,197,
4661,17,197,
4662,18,197,
4663,19,197,
4664,20,197,
4665,21,197,
4666,22,197,
4667,23,197,
4668,24,197,
4669,25,197,
4670,26,197,
4671,27,197,
4672,28,197,
4673,29,197,
4674,30,197,
4675,31,197,
4676,32,197,
4677,33,197,
4678,34,197,
4679,35,197,4168
4680,36,197,1166
4681,1,198,
4682,2,198,
4683,3,198,
4684,4,198,
4685,5,198,
4686,6,198,
4687,7,198,
4688,8,198,
4689,9,198,
4690,10,198,
4691,11,198,
4692,12,198,
4693,13,198,
4694,14,198,
4695,15,198,
4696,16,198,
4697,17,198,
4698,18,198,
4699,19,198,
4700,20,198,
4701,21,198,
4702,22,198,
4703,23,198,
4704,24,198,
4705,25,198,
4706,26,198,
4707,27,198,
4708,28,198,
4709,29,198,
4710,30,198,
4711,31,198,
4712,32,198,
4713,33,198,
4714,34,198,
4715,35,198,5426
4716,36,198,628
4717,1,199,
4718,2,199,
4719,3,199,
4720,4,199,
4721,5,199,
4722,6,199,
4723,7,199,
4724,8,199,
4725,9,199,
4726,10,199,
4727,11,199,
4728,12,199,
4729,13,199,
4730,14,199,
4731,15,199,
4732,16,199,
4733,17,199,
4734,18,199,
4735,19,199,
4736,20,199,
4737,21,199,
4738,22,199,
4739,23,199,
4740,24,199,
4741,25,199,
4742,26,199,
4743,27,199,
4744,28,199,
4745,29,199,
4746,30,199,
4747,31,199,
4748,32,199,
4749,33,199,
4750,34,199,
4751,35,199,1519
4752,36,199,5660
4753,1,200,
4754,2,200,
4755,3,200,
4756,4,200,
4757,5,200,
4758,6,200,
4759,7,200,
4760,8,200,
4761,9,200,
4762,10,200,
4763,11,200,
4764,12,200,
4765,13,200,
4766,14,200,
4767,15,200,
4768,16,200,
4769,17,200,
4770,18,200,
4771,19,200,
4772,20,200,
4773,21,200,
4774,22,200,
4775,23,200,
4776,24,200,
4777,25,200,
4778,26,200,
4779,27,200,
4780,28,200,
4781,29,200,
4782,30,200,
4783,31,200,
4784,32,200,
4785,33,200,
4786,34,200,
4787,35,200,3485
4788,36,200,858
4789,1,201,
4790,2,201,
4791,3,201,
4792,4,201,
4793,5,201,
4794,6,201,
4795,7,201,
4796,8,201,
4797,9,201,
4798,10,201,
4799,11,201,
4800,12,201,
4801,13,201,
4802,14,201,
4803,15,201,
4804,16,201,
4805,17,201,
4806,18,201,1270
4807,1,202,
4808,2,202,
4809,3,202,
4810,4,202,
4811,5,202,
4812,6,202,
4813,7,202,
4814,8,202,
4815,9,202,
4816,10,202,
4817,11,202,
4818,12,202,
4819,13,202,
4820,14,202,
4821,15,202,
4822,16,202,
4823,17,202,
4824,18,202,
4825,19,202,
4826,20,202,
4827,21,202,
4828,22,202,
4829,23,202,
4830,24,202,
4831,25,202,
4832,26,202,
4833,27,202,
4834,28,202,
4835,29,202,
4836,30,202,
4837,31,202,
4838,32,202,
4839,33,202,
4840,34,202,
4841,35,202,5631
4842,36,202,973
4843,1,203,
4844,2,203,
4845,3,203,
4846,4,203,
4847,5,203,
4848,6,203,
4849,7,203,
4850,8,203,
4851,9,203,
4852,10,203,
4853,11,203,
4854,12,203,
4855,13,203,
4856,14,203,
4857,15,203,
4858,16,203,
4859,17,203,
4860,18,203,1175
4861,1,204,
4862,2,204,
4863,3,204,
4864,4,204,
4865,5,204,
4866,6,204,
4867,7,204,
4868,8,204,
4869,9,204,
4870,10,204,
4871,11,204,
4872,12,204,
4873,13,204,
4874,14,204,
4875,15,204,
4876,16,204,
4877,17,204,
4878,18,204,
4879,19,204,
4880,20,204,
4881,21,204,
4882,22,204,
4883,23,204,
4884,24,204,
4885,25,204,
4886,26,204,
4887,27,204,
4888,28,204,
4889,29,204,
4890,30,204,
4891,31,204,
4892,32,204,
4893,33,204,
4894,34,204,
4895,35,204,834
4896,36,204,1907
4897,1,205,
4898,2,205,
4899,3,205,
4900,4,205,
4901,5,205,
4902,6,205,
4903,7,205,
4904,8,205,
4905,9,205,
4906,10,205,
4907,11,205,
4908,12,205,
4909,13,205,
4910,14,205,
4911,15,205,
4912,16,205,
4913,17,205,
4914,18,205,
4915,19,205,
4916,20,205,
4917,21,205,
4918,22,205,
4919,23,205,
4920,24,205,
4921,25,205,
4922,26,205,
4923,27,205,
4924,28,205,
4925,29,205,
4926,30,205,
4927,31,205,
4928,32,205,
4929,33,205,
4930,34,205,
4931,35,205,5356
4932,36,205,80
4933,1,206,
4934,2,206,
4935,3,206,
4936,4,206,
4937,5,206,
4938,6,206,
4939,7,206,
4940,8,206,
4941,9,206,
4942,10,206,
4943,11,206,
4944,12,206,
4945,13,206,
4946,14,206,
4947,15,206,
4948,16,206,
4949,17,206,
4950,18,206,
4951,19,206,
4952,20,206,
4953,21,206,
4954,22,206,
4955,23,206,
4956,24,206,
4957,25,206,
4958,26,206,
4959,27,206,
4960,28,206,
4961,29,206,
4962,30,206,
4963,31,206,
4964,32,206,
4965,33,206,
4966,34,206,
4967,35,206,3972
4968,36,206,5745
4969,1,207,
4970,2,207,
4971,3,207,
4972,4,207,
4973,5,207,
4974,6,207,
4975,7,207,
4976,8,207,
4977,9,207,
4978,10,207,
4979,11,207,
4980,12,207,
4981,13,207,
4982,14,207,
4983,15,207,
4984,16,207,
4985,17,207,
4986,18,207,
4987,19,207,
4988,20,207,
4989,21,207,
4990,22,207,
4991,23,207,
4992,24,207,
4993,25,207,
4994,26,207,
4995,27,207,
4996,28,207,
4997,29,207,
4998,30,207,
4999,31,207,
5000,32,207,
5001,33,207,
5002,34,207,
5003,35,207,787
5004,36,207,1818
5005,1,208,
5006,2,208,
5007,3,208,
5008,4,208,
5009,5,208,
5010,6,208,
5011,7,208,
5012,8,208,
5013,9,208,
5014,10,208,
5015,11,208,
5016,12,208,
5017,13,208,
5018,14,208,
5019,15,208,
5020,16,208,
5021,17,208,
5022,18,208,283
5023,1,209,
5024,2,209,
5025,3,209,
5026,4,209,
5027,5,209,
5028,6,209,
5029,7,209,
5030,8,209,
5031,9,209,
5032,10,209,
5033,11,209,
5034,12,209,
5035,13,209,
5036,14,209,
5037,15,209,
5038,16,209,
5039,17,209,
5040,18,209,5534
5041,1,210,
5042,2,210,
5043,3,210,
5044,4,210,
5045,5,210,
5046,6,210,
5047,7,210,
5048,8,210,
5049,9,210,
5050,10,210,
5051,11,210,
5052,12,210,
5053,13,210,
5054,14,210,
5055,15,210,
5056,16,210,
5057,17,210,
5058,18,210,
5059,19,210,
5060,20,210,
5061,21,210,
5062,22,210,
5063,23,210,
5064,24,210,
5065,25,210,
5066,26,210,
5067,27,210,
5068,28,210,
5069,29,210,
5070,30,210,
5071,31,210,
5072,32,210,
5073,33,210,
5074,34,210,
5075,35,210,3817
5076,36,210,3455
5077,1,211,
5078,2,211,
5079,3,211,
5080,4,211,
5081,5,211,
5082,6,211,
5083,7,211,
5084,8,211,
5085,9,211,
5086,10,211,
5087,11,211,
5088,12,211,
5089,13,211,
5090,14,211,
5091,15,211,
5092,16,211,
5093,17,211,
5094,18,211,3567
5095,1,212,
5096,2,212,
5097,3,212,
5098,4,212,
5099,5,212,
5100,6,212,
5101,7,212,
5102,8,212,
5103,9,212,
5104,10,212,
5105,11,212,
5106,12,212,
5107,13,212,
5108,14,212,
5109,15,212,
5110,16,212,
5111,17,212,
5112,18,212,5570
5113,1,213,
5114,2,213,
5115,3,213,
5116,4,213,
5117,5,213,
5118,6,213,
5119,7,213,
5120,8,213,
5121,9,213,
5122,10,213,
5123,11,213,
5124,12,213,
5125,13,213,
5126,14,213,
5127,15,213,
5128,16,213,
5129,17,213,
5130,18,213,615
5131,1,214,
5132,2,214,
5133,3,214,
5134,4,214,
5135,5,214,
5136,6,214,
5137,7,214,
5138,8,214,
5139,9,214,
5140,10,214,
5141,11,214,
5142,12,214,
5143,13,214,
5144,14,214,
5145,15,214,
5146,16,214,
5147,17,214,
5148,18,214,3643
5149,1,215,
5150,2,215,
5151,3,215,
5152,4,215,
5153,5,215,
5154,6,215,
5155,7,215,
5156,8,215,
5157,9,215,
5158,10,215,
5159,11,215,
5160,12,215,
5161,13,215,
5162,14,215,
5163,15,215,
5164,16,215,
5165,17,215,
5166,18,215,
5167,19,215,
5168,20,215,
5169,21,215,
5170,22,215,
5171,23,215,
5172,24,215,
5173,25,215,
5174,26,215,
5175,27,215,
5176,28,215,
5177,29,215,
5178,30,215,
5179,31,215,
5180,32,215,
5181,33,215,
5182,34,215,
5183,35,215,833
5184,36,215,2783
5185,1,216,
5186,2,216,
5187,3,216,
5188,4,216,
5189,5,216,
5190,6,216,
5191,7,216,
5192,8,216,
5193,9,216,
5194,10,216,
5195,11,216,
5196,12,216,
5197,13,216,
5198,14,216,
5199,15,216,
5200,16,216,
5201,17,216,
5202,18,216,1322
5203,1,217,
5204,2,217,
5205,3,217,
5206,4,217,
5207,5,217,
5208,6,217,
5209,7,217,
5210,8,217,
5211,9,217,
5212,10,217,
5213,11,217,
5214,12,217,
5215,13,217,
5216,14,217,
5217,15,217,
5218,16,217,
5219,17,217,
5220,18,217,
5221,19,217,
5222,20,217,
5223,21,217,
5224,22,217,
5225,23,217,
5226,24,217,
5227,25,217,
5228,26,217,
5229,27,217,
5230,28,217,
5231,29,217,
5232,30,217,
5233,31,217,
5234,32,217,
5235,33,217,
5236,34,217,
5237,35,217,3514
5238,36,217,5507
5239,1,218,
5240,2,218,
5241,3,218,
5242,4,218,
5243,5,218,
5244,6,218,
5245,7,218,
5246,8,218,
5247,9,218,
5248,10,218,
5249,11,218,
5250,12,218,
5251,13,218,
5252,14,218,
5253,15,218,
5254,16,218,
5255,17,218,
5256,18,218,
5257,19,218,
5258,20,218,
5259,21,218,
5260,22,218,
5261,23,218,
5262,24,218,
5263,25,218,
5264,26,218,
5265,27,218,
5266,28,218,
5267,29,218,
5268,30,218,
5269,31,218,
5270,32,218,
5271,33,218,
5272,34,218,
5273,35,218,5407
5274,36,218,3754
5275,1,219,
5276,2,219,
5277,3,219,
5278,4,219,
5279,5,219,
5280,6,219,
5281,7,219,
5282,8,219,
5283,9,219,
5284,10,219,
5285,11,219,
5286,12,219,
5287,13,219,
5288,14,219,
5289,15,219,
5290,16,219,
5291,17,219,
5292,18,219,718
5293,1,220,
5294,2,220,
5295,3,220,
5296,4,220,
5297,5,220,
5298,6,220,
5299,7,220,
5300,8,220,
5301,9,220,
5302,10,220,
5303,11,220,
5304,12,220,
5305,13,220,
5306,14,220,
5307,15,220,
5308,16,220,
5309,17,220,
5310,18,220,
5311,19,220,
5312,20,220,
5313,21,220,
5314,22,220,
5315,23,220,
5316,24,220,
5317,25,220,
5318,26,220,
5319,27,220,
5320,28,220,
5321,29,220,
5322,30,220,
5323,31,220,
5324,32,220,
5325,33,220,
5326,34,220,
5327,35,220,3523
5328,36,220,2708
5329,1,221,
5330,2,221,
5331,3,221,
5332,4,221,
5333,5,221,
5334,6,221,
5335,7,221,
5336,8,221,
5337,9,221,
5338,10,221,
5339,11,221,
5340,12,221,
5341,13,221,
5342,14,221,
5343,15,221,
5344,16,221,
5345,17,221,
5346,18,221,
5347,19,221,
5348,20,221,
5349,21,221,
5350,22,221,
5351,23,221,
5352,24,221,
5353,25,221,
5354,26,221,
5355,27,221,
5356,28,221,
5357,29,221,
5358,30,221,
5359,31,221,
5360,32,221,
5361,33,221,
5362,34,221,
5363,35,221,1151
5364,36,221,527
5365,1,222,
5366,2,222,
5367,3,222,
5368,4,222,
5369,5,222,
5370,6,222,
5371,7,222,
5372,8,222,
5373,9,222,
5374,10,222,
5375,11,222,
5376,12,222,
5377,13,222,
5378,14,222,
5379,15,222,
5380,16,222,
5381,17,222,
5382,18,222,983
5383,1,223,
5384,2,223,
5385,3,223,
5386,4,223,
5387,5,223,
5388,6,223,
5389,7,223,
5390,8,223,
5391,9,223,
5392,10,223,
5393,11,223,
5394,12,223,
5395,13,223,
5396,14,223,
5397,15,223,
5398,16,223,
5399,17,223,
5400,18,223,
5401,19,223,
5402,20,223,
5403,21,223,
5404,22,223,
5405,23,223,
5406,24,223,
5407,25,223,
5408,26,223,
5409,27,223,
5410,28,223,
5411,29,223,
5412,30,223,
5413,31,223,
5414,32,223,
5415,33,223,
5416,34,223,
5417,35,223,2801
5418,36,223,2757
5419,1,224,
5420,2,224,
5421,3,224,
5422,4,224,
5423,5,224,
5424,6,224,
5425,7,224,
5426,8,224,
5427,9,224,
5428,10,224,
5429,11,224,
5430,12,224,
5431,13,224,
5432,14,224,
5433,15,224,
5434,16,224,
5435,17,224,
5436,18,224,5274
5437,1,225,
5438,2,225,
5439,3,225,
5440,4,225,
5441,5,225,
5442,6,225,
5443,7,225,
5444,8,225,
5445,9,225,
5446,10,225,
5447,11,225,
5448,12,225,
5449,13,225,
5450,14,225,
5451,15,225,
5452,16,225,
5453,17,225,
5454,18,225,
5455,19,225,
5456,20,225,
5457,21,225,
5458,22,225,
5459,23,225,
5460,24,225,
5461,25,225,
5462,26,225,
5463,27,225,
5464,28,225,
5465,29,225,
5466,30,225,
5467,31,225,
5468,32,225,
5469,33,225,
5470,34,225,
5471,35,225,829
5472,36,225,1953
5473,1,226,
5474,2,226,
5475,3,226,
5476,4,226,
5477,5,226,
5478,6,226,
5479,7,226,
5480,8,226,
5481,9,226,
5482,10,226,
5483,11,226,
5484,12,226,
5485,13,226,
5486,14,226,
5487,15,226,
5488,16,226,
5489,17,226,
5490,18,226,5739
5491,1,227,
5492,2,227,
5493,3,227,
5494,4,227,
5495,5,227,
5496,6,227,
5497,7,227,
5498,8,227,
5499,9,227,
5500,10,227,
5501,11,227,
5502,12,227,
5503,13,227,
5504,14,227,
5505,15,227,
5506,16,227,
5507,17,227,
5508,18,227,
5509,19,227,
5510,20,227,
5511,21,227,
5512,22,227,
5513,23,227,
5514,24,227,
5515,25,227,
5516,26,227,
5517,27,227,
5518,28,227,
5519,29,227,
5520,30,227,
5521,31,227,
5522,32,227,
5523,33,227,
5524,34,227,
5525,35,227,447
5526,36,227,5650
5527,1,228,
5528,2,228,
5529,3,228,
5530,4,228,
5531,5,228,
5532,6,228,
5533,7,228,
5534,8,228,
5535,9,228,
5536,10,228,
5537,11,228,
5538,12,228,
5539,13,228,
5540,14,228,
5541,15,228,
5542,16,228,
5543,17,228,
5544,18,228,611
5545,1,229,
5546,2,229,
5547,3,229,
5548,4,229,
5549,5,229,
5550,6,229,
5551,7,229,
5552,8,229,
5553,9,229,
5554,10,229,
5555,11,229,
5556,12,229,
5557,13,229,
5558,14,229,
5559,15,229,
5560,16,229,
5561,17,229,
5562,18,229,5265
5563,1,230,
5564,2,230,
5565,3,230,
5566,4,230,
5567,5,230,
5568,6,230,
5569,7,230,
5570,8,230,
5571,9,230,
5572,10,230,
5573,11,230,
5574,12,230,
5575,13,230,
5576,14,230,
5577,15,230,
5578,16,230,
5579,17,230,
5580,18,230,
5581,19,230,
5582,20,230,
5583,21,230,
5584,22,230,
5585,23,230,
5586,24,230,
5587,25,230,
5588,26,230,
5589,27,230,
5590,28,230,
5591,29,230,
5592,30,230,
5593,31,230,
5594,32,230,
5595,33,230,
5596,34,230,
5597,35,230,1036
5598,36,230,1432
5599,1,231,
5600,2,231,
5601,3,231,
5602,4,231,
5603,5,231,
5604,6,231,
5605,7,231,
5606,8,231,
5607,9,231,
5608,10,231,
5609,11,231,
5610,12,231,
5611,13,231,
5612,14,231,
5613,15,231,
5614,16,231,
5615,17,231,
5616,18,231,
5617,19,231,
5618,20,231,
5619,21,231,
5620,22,231,
5621,23,231,
5622,24,231,
5623,25,231,
5624,26,231,
5625,27,231,
5626,28,231,
5627,29,231,
5628,30,231,
5629,31,231,
5630,32,231,
5631,33,231,
5632,34,231,
5633,35,231,1425
5634,36,231,1896
5635,1,232,
5636,2,232,
5637,3,232,
5638,4,232,
5639,5,232,
5640,6,232,
5641,7,232,
5642,8,232,
5643,9,232,
5644,10,232,
5645,11,232,
5646,12,232,
5647,13,232,
5648,14,232,
5649,15,232,
5650,16,232,
5651,17,232,
5652,18,232,
5653,19,232,
5654,20,232,
5655,21,232,
5656,22,232,
5657,23,232,
5658,24,232,
5659,25,232,
5660,26,232,
5661,27,232,
5662,28,232,
5663,29,232,
5664,30,232,
5665,31,232,
5666,32,232,
5667,33,232,
5668,34,232,
5669,35,232,5321
5670,36,232,2799
5671,1,233,
5672,2,233,
5673,3,233,
5674,4,233,
5675,5,233,
5676,6,233,
5677,7,233,
5678,8,233,
5679,9,233,
5680,10,233,
5681,11,233,
5682,12,233,
5683,13,233,
5684,14,233,
5685,15,233,
5686,16,233,
5687,17,233,
5688,18,233,2720
5689,1,234,
5690,2,234,
5691,3,234,
5692,4,234,
5693,5,234,
5694,6,234,
5695,7,234,
5696,8,234,
5697,9,234,
5698,10,234,
5699,11,234,
5700,12,234,
5701,13,234,
5702,14,234,
5703,15,234,
5704,16,234,
5705,17,234,
5706,18,234,
5707,19,234,
5708,20,234,
5709,21,234,
5710,22,234,
5711,23,234,
5712,24,234,
5713,25,234,
5714,26,234,
5715,27,234,
5716,28,234,
5717,29,234,
5718,30,234,
5719,31,234,
5720,32,234,
5721,33,234,
5722,34,234,
5723,35,234,3890
5724,36,234,1781
5725,1,235,
5726,2,235,
5727,3,235,
5728,4,235,
5729,5,235,
5730,6,235,
5731,7,235,
5732,8,235,
5733,9,235,
5734,10,235,
5735,11,235,
5736,12,235,
5737,13,235,
5738,14,235,
5739,15,235,
5740,16,235,
5741,17,235,
5742,18,235,
5743,19,235,
5744,20,235,
5745,21,235,
5746,22,235,
5747,23,235,
5748,24,235,
5749,25,235,
5750,26,235,
5751,27,235,
5752,28,235,
5753,29,235,
5754,30,235,
5755,31,235,
5756,32,235,
5757,33,235,
5758,34,235,
5759,35,235,806
5760,36,235,3856
5761,1,236,
5762,2,236,
5763,3,236,
5764,4,236,
5765,5,236,
5766,6,236,
5767,7,236,
5768,8,236,
5769,9,236,
5770,10,236,
5771,11,236,
5772,12,236,
5773,13,236,
5774,14,236,
5775,15,236,
5776,16,236,
5777,17,236,
5778,18,236,
5779,19,236,
5780,20,236,
5781,21,236,
5782,22,236,
5783,23,236,
5784,24,236,
5785,25,236,
5786,26,236,
5787,27,236,
5788,28,236,
5789,29,236,
5790,30,236,
5791,31,236,
5792,32,236,
5793,33,236,
5794,34,236,
5795,35,236,1832
5796,36,236,2569
5797,1,237,
5798,2,237,
5799,3,237,
5800,4,237,
5801,5,237,
5802,6,237,
5803,7,237,
5804,8,237,
5805,9,237,
5806,10,237,
5807,11,237,
5808,12,237,
5809,13,237,
5810,14,237,
5811,15,237,
5812,16,237,
5813,17,237,
5814,18,237,
5815,19,237,
5816,20,237,
5817,21,237,
5818,22,237,
5819,23,237,
5820,24,237,
5821,25,237,
5822,26,237,
5823,27,237,
5824,28,237,
5825,29,237,
5826,30,237,
5827,31,237,
5828,32,237,
5829,33,237,
5830,34,237,
5831,35,237,1680
5832,36,237,3949
5833,1,238,
5834,2,238,
5835,3,238,
5836,4,238,
5837,5,238,
5838,6,238,
5839,7,238,
5840,8,238,
5841,9,238,
5842,10,238,
5843,11,238,
5844,12,238,
5845,13,238,
5846,14,238,
5847,15,238,
5848,16,238,
5849,17,238,
5850,18,238,
5851,19,238,
5852,20,238,
5853,21,238,
5854,22,238,
5855,23,238,
5856,24,238,
5857,25,238,
5858,26,238,
5859,27,238,
5860,28,238,
5861,29,238,
5862,30,238,
5863,31,238,
5864,32,238,
5865,33,238,
5866,34,238,
5867,35,238,899
5868,36,238,61
5869,1,239,
5870,2,239,
5871,3,239,
5872,4,239,
5873,5,239,
5874,6,239,
5875,7,239,
5876,8,239,
5877,9,239,
5878,10,239,
5879,11,239,
5880,12,239,
5881,13,239,
5882,14,239,
5883,15,239,
5884,16,239,
5885,17,239,
5886,18,239,
5887,19,239,
5888,20,239,
5889,21,239,
5890,22,239,
5891,23,239,
5892,24,239,
5893,25,239,
5894,26,239,
5895,27,239,
5896,28,239,
5897,29,239,
5898,30,239,
5899,31,239,
5900,32,239,
5901,33,239,
5902,34,239,
5903,35,239,5311
5904,36,239,215
5905,1,240,
5906,2,240,
5907,3,240,
5908,4,240,
5909,5,240,
5910,6,240,
5911,7,240,
5912,8,240,
5913,9,240,
5914,10,240,
5915,11,240,
5916,12,240,
5917,13,240,
5918,14,240,
5919,15,240,
5920,16,240,
5921,17,240,
5922,18,240,
5923,19,240,
5924,20,240,
5925,21,240,
5926,22,240,
5927,23,240,
5928,24,240,
5929,25,240,
5930,26,240,
5931,27,240,
5932,28,240,
5933,29,240,
5934,30,240,
5935,31,240,
5936,32,240,
5937,33,240,
5938,34,240,
5939,35,240,3609
5940,36,240,1105
5941,1,241,
5942,2,241,
5943,3,241,
5944,4,241,
5945,5,241,
5946,6,241,
5947,7,241,
5948,8,241,
5949,9,241,
5950,10,241,
5951,11,241,
5952,12,241,
5953,13,241,
5954,14,241,
5955,15,241,
5956,16,241,
5957,17,241,
5958,18,241,3452
5959,1,242,
5960,2,242,
5961,3,242,
5962,4,242,
5963,5,242,
5964,6,242,
5965,7,242,
5966,8,242,
5967,9,242,
5968,10,242,
5969,11,242,
5970,12,242,
5971,13,242,
5972,14,242,
5973,15,242,
5974,16,242,
5975,17,242,
5976,18,242,
5977,19,242,
5978,20,242,
5979,21,242,
5980,22,242,
5981,23,242,
5982,24,242,
5983,25,242,
5984,26,242,
5985,27,242,
5986,28,242,
5987,29,242,
5988,30,242,
5989,31,242,
5990,32,242,
5991,33,242,
5992,34,242,
5993,35,242,2672
5994,36,242,696
5995,1,243,
5996,2,243,
5997,3,243,
5998,4,243,
5999,5,243,
6000,6,243,
6001,7,243,
6002,8,243,
6003,9,243,
6004,10,243,
6005,11,243,
6006,12,243,
6007,13,243,
6008,14,243,
6009,15,243,
6010,16,243,
6011,17,243,
6012,18,243,
6013,19,243,
6014,20,243,
6015,21,243,
6016,22,243,
6017,23,243,
6018,24,243,
6019,25,243,
6020,26,243,
6021,27,243,
6022,28,243,
6023,29,243,
6024,30,243,
6025,31,243,
6026,32,243,
6027,33,243,
6028,34,243,
6029,35,243,390
6030,36,243,3955
6031,1,244,
6032,2,244,
6033,3,244,
6034,4,244,
6035,5,244,
6036,6,244,
6037,7,244,
6038,8,244,
6039,9,244,
6040,10,244,
6041,11,244,
6042,12,244,
6043,13,244,
6044,14,244,
6045,15,244,
6046,16,244,
6047,17,244,
6048,18,244,
6049,19,244,
6050,20,244,
6051,21,244,
6052,22,244,
6053,23,244,
6054,24,244,
6055,25,244,
6056,26,244,
6057,27,244,
6058,28,244,
6059,29,244,
6060,30,244,
6061,31,244,
6062,32,244,
6063,33,244,
6064,34,244,
6065,35,244,1174
6066,36,244,276
6067,1,245,
6068,2,245,
6069,3,245,
6070,4,245,
6071,5,245,
6072,6,245,
6073,7,245,
6074,8,245,
6075,9,245,
6076,10,245,
6077,11,245,
6078,12,245,
6079,13,245,
6080,14,245,
6081,15,245,
6082,16,245,
6083,17,245,
6084,18,245,
6085,19,245,
6086,20,245,
6087,21,245,
6088,22,245,
6089,23,245,
6090,24,245,
6091,25,245,
6092,26,245,
6093,27,245,
6094,28,245,
6095,29,245,
6096,30,245,
6097,31,245,
6098,32,245,
6099,33,245,
6100,34,245,
6101,35,245,715
6102,36,245,1045
6103,1,246,
6104,2,246,
6105,3,246,
6106,4,246,
6107,5,246,
6108,6,246,
6109,7,246,
6110,8,246,
6111,9,246,
6112,10,246,
6113,11,246,
6114,12,246,
6115,13,246,
6116,14,246,
6117,15,246,
6118,16,246,
6119,17,246,
6120,18,246,
6121,19,246,
6122,20,246,
6123,21,246,
6124,22,246,
6125,23,246,
6126,24,246,
6127,25,246,
6128,26,246,
6129,27,246,
6130,28,246,
6131,29,246,
6132,30,246,
6133,31,246,
6134,32,246,
6135,33,246,
6136,34,246,
6137,35,246,463
6138,36,246,1107
6139,1,247,
6140,2,247,
6141,3,247,
6142,4,247,
6143,5,247,
6144,6,247,
6145,7,247,
6146,8,247,
6147,9,247,
6148,10,247,
6149,11,247,
6150,12,247,
6151,13,247,
6152,14,247,
6153,15,247,
6154,16,247,
6155,17,247,
6156,18,247,
6157,19,247,
6158,20,247,
6159,21,247,
6160,22,247,
6161,23,247,
6162,24,247,
6163,25,247,
6164,26,247,
6165,27,247,
6166,28,247,
6167,29,247,
6168,30,247,
6169,31,247,
6170,32,247,
6171,33,247,
6172,34,247,
6173,35,247,74
6174,36,247,1423
6175,1,248,
6176,2,248,
6177,3,248,
6178,4,248,
6179,5,248,
6180,6,248,
6181,7,248,
6182,8,248,
6183,9,248,
6184,10,248,
6185,11,248,
6186,12,248,
6187,13,248,
6188,14,248,
6189,15,248,
6190,16,248,
6191,17,248,
6192,18,248,1323
6193,1,249,
6194,2,249,
6195,3,249,
6196,4,249,
6197,5,249,
6198,6,249,
6199,7,249,
6200,8,249,
6201,9,249,
6202,10,249,
6203,11,249,
6204,12,249,
6205,13,249,
6206,14,249,
6207,15,249,
6208,16,249,
6209,17,249,
6210,18,249,5619
6211,1,250,
6212,2,250,
6213,3,250,
6214,4,250,
6215,5,250,
6216,6,250,
6217,7,250,
6218,8,250,
6219,9,250,
6220,10,250,
6221,11,250,
6222,12,250,
6223,13,250,
6224,14,250,
6225,15,250,
6226,16,250,
6227,17,250,
6228,18,250,1149
6229,1,251,
6230,2,251,
6231,3,251,
6232,4,251,
6233,5,251,
6234,6,251,
6235,7,251,
6236,8,251,
6237,9,251,
6238,10,251,
6239,11,251,
6240,12,251,
6241,13,251,
6242,14,251,
6243,15,251,
6244,16,251,
6245,17,251,
6246,18,251,
6247,19,251,
6248,20,251,
6249,21,251,
6250,22,251,
6251,23,251,
6252,24,251,
6253,25,251,
6254,26,251,
6255,27,251,
6256,28,251,
6257,29,251,
6258,30,251,
6259,31,251,
6260,32,251,
6261,33,251,
6262,34,251,
6263,35,251,1216
6264,36,251,1717
6265,1,252,
6266,2,252,
6267,3,252,
6268,4,252,
6269,5,252,
6270,6,252,
6271,7,252,
6272,8,252,
6273,9,252,
6274,10,252,
6275,11,252,
6276,12,252,
6277,13,252,
6278,14,252,
6279,15,252,
6280,16,252,
6281,17,252,
6282,18,252,
6283,19,252,
6284,20,252,
6285,21,252,
6286,22,252,
6287,23,252,
6288,24,252,
6289,25,252,
6290,26,252,
6291,27,252,
6292,28,252,
6293,29,252,
6294,30,252,
6295,31,252,
6296,32,252,
6297,33,252,
6298,34,252,
6299,35,252,1571
6300,36,252,624
6301,1,253,
6302,2,253,
6303,3,253,
6304,4,253,
6305,5,253,
6306,6,253,
6307,7,253,
6308,8,253,
6309,9,253,
6310,10,253,
6311,11,253,
6312,12,253,
6313,13,253,
6314,14,253,
6315,15,253,
6316,16,253,
6317,17,253,
6318,18,253,3979
6319,1,254,
6320,2,254,
6321,3,254,
6322,4,254,
6323,5,254,
6324,6,254,
6325,7,254,
6326,8,254,
6327,9,254,
6328,10,254,
6329,11,254,
6330,12,254,
6331,13,254,
6332,14,254,
6333,15,254,
6334,16,254,
6335,17,254,
6336,18,254,580
6337,1,255,
6338,2,255,
6339,3,255,
6340,4,255,
6341,5,255,
6342,6,255,
6343,7,255,
6344,8,255,
6345,9,255,
6346,10,255,
6347,11,255,
6348,12,255,
6349,13,255,
6350,14,255,
6351,15,255,
6352,16,255,
6353,17,255,
6354,18,255,
6355,19,255,
6356,20,255,
6357,21,255,
6358,22,255,
6359,23,255,
6360,24,255,
6361,25,255,
6362,26,255,
6363,27,255,
6364,28,255,
6365,29,255,
6366,30,255,
6367,31,255,
6368,32,255,
6369,33,255,
6370,34,255,
6371,35,255,5738
6372,36,255,5798
6373,1,256,
6374,2,256,
6375,3,256,
6376,4,256,
6377,5,256,
6378,6,256,
6379,7,256,
6380,8,256,
6381,9,256,
6382,10,256,
6383,11,256,
6384,12,256,
6385,13,256,
6386,14,256,
6387,15,256,
6388,16,256,
6389,17,256,
6390,18,256,
6391,19,256,
6392,20,256,
6393,21,256,
6394,22,256,
6395,23,256,
6396,24,256,
6397,25,256,
6398,26,256,
6399,27,256,
6400,28,256,
6401,29,256,
6402,30,256,
6403,31,256,
6404,32,256,
6405,33,256,
6406,34,256,
6407,35,256,1594
6408,36,256,1995
6409,1,257,
6410,2,257,
6411,3,257,
6412,4,257,
6413,5,257,
6414,6,257,
6415,7,257,
6416,8,257,
6417,9,257,
6418,10,257,
6419,11,257,
6420,12,257,
6421,13,257,
6422,14,257,
6423,15,257,
6424,16,257,
6425,17,257,
6426,18,257,
6427,19,257,
6428,20,257,
6429,21,257,
6430,22,257,
6431,23,257,
6432,24,257,
6433,25,257,
6434,26,257,
6435,27,257,
6436,28,257,
6437,29,257,
6438,30,257,
6439,31,257,
6440,32,257,
6441,33,257,
6442,34,257,
6443,35,257,5449
6444,36,257,285
6445,1,258,
6446,2,258,
6447,3,258,
6448,4,258,
6449,5,258,
6450,6,258,
6451,7,258,
6452,8,258,
6453,9,258,
6454,10,258,
6455,11,258,
6456,12,258,
6457,13,258,
6458,14,258,
6459,15,258,
6460,16,258,
6461,17,258,
6462,18,258,2770
6463,1,259,
6464,2,259,
6465,3,259,
6466,4,259,
6467,5,259,
6468,6,259,
6469,7,259,
6470,8,259,
6471,9,259,
6472,10,259,
6473,11,259,
6474,12,259,
6475,13,259,
6476,14,259,
6477,15,259,
6478,16,259,
6479,17,259,
6480,18,259,561
6481,1,260,
6482,2,260,
6483,3,260,
6484,4,260,
6485,5,260,
6486,6,260,
6487,7,260,
6488,8,260,
6489,9,260,
6490,10,260,
6491,11,260,
6492,12,260,
6493,13,260,
6494,14,260,
6495,15,260,
6496,16,260,
6497,17,260,
6498,18,260,68
6499,1,261,
6500,2,261,
6501,3,261,
6502,4,261,
6503,5,261,
6504,6,261,
6505,7,261,
6506,8,261,
6507,9,261,
6508,10,261,
6509,11,261,
6510,12,261,
6511,13,261,
6512,14,261,
6513,15,261,
6514,16,261,
6515,17,261,
6516,18,261,
6517,19,261,
6518,20,261,
6519,21,261,
6520,22,261,
6521,23,261,
6522,24,261,
6523,25,261,
6524,26,261,
6525,27,261,
6526,28,261,
6527,29,261,
6528,30,261,
6529,31,261,
6530,32,261,
6531,33,261,
6532,34,261,
6533,35,261,1540
6534,36,261,396
6535,1,262,
6536,2,262,
6537,3,262,
6538,4,262,
6539,5,262,
6540,6,262,
6541,7,262,
6542,8,262,
6543,9,262,
6544,10,262,
6545,11,262,
6546,12,262,
6547,13,262,
6548,14,262,
6549,15,262,
6550,16,262,
6551,17,262,
6552,18,262,
6553,19,262,
6554,20,262,
6555,21,262,
6556,22,262,
6557,23,262,
6558,24,262,
6559,25,262,
6560,26,262,
6561,27,262,
6562,28,262,
6563,29,262,
6564,30,262,
6565,31,262,
6566,32,262,
6567,33,262,
6568,34,262,
6569,35,262,5504
6570,36,262,991
6571,1,263,
6572,2,263,
6573,3,263,
6574,4,263,
6575,5,263,
6576,6,263,
6577,7,263,
6578,8,263,
6579,9,263,
6580,10,263,
6581,11,263,
6582,12,263,
6583,13,263,
6584,14,263,
6585,15,263,
6586,16,263,
6587,17,263,
6588,18,263,
6589,19,263,
6590,20,263,
6591,21,263,
6592,22,263,
6593,23,263,
6594,24,263,
6595,25,263,
6596,26,263,
6597,27,263,
6598,28,263,
6599,29,263,
6600,30,263,
6601,31,263,
6602,32,263,
6603,33,263,
6604,34,263,
6605,35,263,1562
6606,36,263,399
6607,1,264,
6608,2,264,
6609,3,264,
6610,4,264,
6611,5,264,
6612,6,264,
6613,7,264,
6614,8,264,
6615,9,264,
6616,10,264,
6617,11,264,
6618,12,264,
6619,13,264,
6620,14,264,
6621,15,264,
6622,16,264,
6623,17,264,
6624,18,264,
6625,19,264,
6626,20,264,
6627,21,264,
6628,22,264,
6629,23,264,
6630,24,264,
6631,25,264,
6632,26,264,
6633,27,264,
6634,28,264,
6635,29,264,
6636,30,264,
6637,31,264,
6638,32,264,
6639,33,264,
6640,34,264,
6641,35,264,2729
6642,36,264,5698
6643,1,265,
6644,2,265,
6645,3,265,
6646,4,265,
6647,5,265,
6648,6,265,
6649,7,265,
6650,8,265,
6651,9,265,
6652,10,265,
6653,11,265,
6654,12,265,
6655,13,265,
6656,14,265,
6657,15,265,
6658,16,265,
6659,17,265,
6660,18,265,
6661,19,265,
6662,20,265,
6663,21,265,
6664,22,265,
6665,23,265,
6666,24,265,
6667,25,265,
6668,26,265,
6669,27,265,
6670,28,265,
6671,29,265,
6672,30,265,
6673,31,265,
6674,32,265,
6675,33,265,
6676,34,265,
6677,35,265,572
6678,36,265,2788
6679,1,266,
6680,2,266,
6681,3,266,
6682,4,266,
6683,5,266,
6684,6,266,
6685,7,266,
6686,8,266,
6687,9,266,
6688,10,266,
6689,11,266,
6690,12,266,
6691,13,266,
6692,14,266,
6693,15,266,
6694,16,266,
6695,17,266,
6696,18,266,1185
6697,1,267,
6698,2,267,
6699,3,267,
6700,4,267,
6701,5,267,
6702,6,267,
6703,7,267,
6704,8,267,
6705,9,267,
6706,10,267,
6707,11,267,
6708,12,267,
6709,13,267,
6710,14,267,
6711,15,267,
6712,16,267,
6713,17,267,
6714,18,267,
6715,19,267,
6716,20,267,
6717,21,267,
6718,22,267,
6719,23,267,
6720,24,267,
6721,25,267,
6722,26,267,
6723,27,267,
6724,28,267,
6725,29,267,
6726,30,267,
6727,31,267,
6728,32,267,
6729,33,267,
6730,34,267,
6731,35,267,4105
6732,36,267,317
6733,1,268,
6734,2,268,
6735,3,268,
6736,4,268,
6737,5,268,
6738,6,268,
6739,7,268,
6740,8,268,
6741,9,268,
6742,10,268,
6743,11,268,
6744,12,268,
6745,13,268,
6746,14,268,
6747,15,268,
6748,16,268,
6749,17,268,
6750,18,268,
6751,19,268,
6752,20,268,
6753,21,268,
6754,22,268,
6755,23,268,
6756,24,268,
6757,25,268,
6758,26,268,
6759,27,268,
6760,28,268,
6761,29,268,
6762,30,268,
6763,31,268,
6764,32,268,
6765,33,268,
6766,34,268,
6767,35,268,47
6768,36,268,921
6769,1,269,
6770,2,269,
6771,3,269,
6772,4,269,
6773,5,269,
6774,6,269,
6775,7,269,
6776,8,269,
6777,9,269,
6778,10,269,
6779,11,269,
6780,12,269,
6781,13,269,
6782,14,269,
6783,15,269,
6784,16,269,
6785,17,269,
6786,18,269,888
6787,1,270,
6788,2,270,
6789,3,270,
6790,4,270,
6791,5,270,
6792,6,270,
6793,7,270,
6794,8,270,
6795,9,270,
6796,10,270,
6797,11,270,
6798,12,270,
6799,13,270,
6800,14,270,
6801,15,270,
6802,16,270,
6803,17,270,
6804,18,270,3512
6805,1,271,
6806,2,271,
6807,3,271,
6808,4,271,
6809,5,271,
6810,6,271,
6811,7,271,
6812,8,271,
6813,9,271,
6814,10,271,
6815,11,271,
6816,12,271,
6817,13,271,
6818,14,271,
6819,15,271,
6820,16,271,
6821,17,271,
6822,18,271,
6823,19,271,
6824,20,271,
6825,21,271,
6826,22,271,
6827,23,271,
6828,24,271,
6829,25,271,
6830,26,271,
6831,27,271,
6832,28,271,
6833,29,271,
6834,30,271,
6835,31,271,
6836,32,271,
6837,33,271,
6838,34,271,
6839,35,271,1678
6840,36,271,16
6841,1,272,
6842,2,272,
6843,3,272,
6844,4,272,
6845,5,272,
6846,6,272,
6847,7,272,
6848,8,272,
6849,9,272,
6850,10,272,
6851,11,272,
6852,12,272,
6853,13,272,
6854,14,272,
6855,15,272,
6856,16,272,
6857,17,272,
6858,18,272,3507
6859,1,273,
6860,2,273,
6861,3,273,
6862,4,273,
6863,5,273,
6864,6,273,
6865,7,273,
6866,8,273,
6867,9,273,
6868,10,273,
6869,11,273,
6870,12,273,
6871,13,273,
6872,14,273,
6873,15,273,
6874,16,273,
6875,17,273,
6876,18,273,
6877,19,273,
6878,20,273,
6879,21,273,
6880,22,273,
6881,23,273,
6882,24,273,
6883,25,273,
6884,26,273,
6885,27,273,
6886,28,273,
6887,29,273,
6888,30,273,
6889,31,273,
6890,32,273,
6891,33,273,
6892,34,273,
6893,35,273,5347
6894,36,273,1387
6895,1,274,
6896,2,274,
6897,3,274,
6898,4,274,
6899,5,274,
6900,6,274,
6901,7,274,
6902,8,274,
6903,9,274,
6904,10,274,
6905,11,274,
6906,12,274,
6907,13,274,
6908,14,274,
6909,15,274,
6910,16,274,
6911,17,274,
6912,18,274,1207
6913,1,275,
6914,2,275,
6915,3,275,
6916,4,275,
6917,5,275,
6918,6,275,
6919,7,275,
6920,8,275,
6921,9,275,
6922,10,275,
6923,11,275,
6924,12,275,
6925,13,275,
6926,14,275,
6927,15,275,
6928,16,275,
6929,17,275,
6930,18,275,
6931,19,275,
6932,20,275,
6933,21,275,
6934,22,275,
6935,23,275,
6936,24,275,
6937,25,275,
6938,26,275,
6939,27,275,
6940,28,275,
6941,29,275,
6942,30,275,
6943,31,275,
6944,32,275,
6945,33,275,
6946,34,275,
6947,35,275,123
6948,36,275,1806
6949,1,276,
6950,2,276,
6951,3,276,
6952,4,276,
6953,5,276,
6954,6,276,
6955,7,276,
6956,8,276,
6957,9,276,
6958,10,276,
6959,11,276,
6960,12,276,
6961,13,276,
6962,14,276,
6963,15,276,
6964,16,276,
6965,17,276,
6966,18,276,271
6967,1,277,
6968,2,277,
6969,3,277,
6970,4,277,
6971,5,277,
6972,6,277,
6973,7,277,
6974,8,277,
6975,9,277,
6976,10,277,
6977,11,277,
6978,12,277,
6979,13,277,
6980,14,277,
6981,15,277,
6982,16,277,
6983,17,277,
6984,18,277,
6985,19,277,
6986,20,277,
6987,21,277,
6988,22,277,
6989,23,277,
6990,24,277,
6991,25,277,
6992,26,277,
6993,27,277,
6994,28,277,
6995,29,277,
6996,30,277,
6997,31,277,
6998,32,277,
6999,33,277,
7000,34,277,
7001,35,277,3669
7002,36,277,1701
7003,1,278,645
7004,2,278,
7005,3,278,
7006,4,278,
7007,5,278,
7008,6,278,
7009,7,278,
7010,8,278,
7011,9,278,
7012,10,278,
7013,11,278,
7014,12,278,
7015,13,278,
7016,14,278,
7017,15,278,
7018,16,278,
7019,17,278,
7020,18,278,
7021,19,278,
7022,20,278,
7023,21,278,
7024,22,278,
7025,23,278,
7026,24,278,
7027,25,278,
7028,26,278,
7029,27,278,
7030,28,278,
7031,29,278,
7032,30,278,
7033,31,278,
7034,32,278,
7035,33,278,
7036,34,278,
7037,35,278,1543
7038,36,278,1593
7039,1,279,
7040,2,279,
7041,3,279,
7042,4,279,
7043,5,279,
7044,6,279,
7045,7,279,
7046,8,279,
7047,9,279,
7048,10,279,
7049,11,279,
7050,12,279,
7051,13,279,
7052,14,279,
7053,15,279,
7054,16,279,
7055,17,279,
7056,18,279,
7057,19,279,
7058,20,279,
7059,21,279,
7060,22,279,
7061,23,279,
7062,24,279,
7063,25,279,
7064,26,279,
7065,27,279,
7066,28,279,
7067,29,279,
7068,30,279,
7069,31,279,
7070,32,279,
7071,33,279,
7072,34,279,5583
7073,35,279,5728
7074,36,279,3390
7075,1,280,
7076,2,280,
7077,3,280,
7078,4,280,
7079,5,280,
7080,6,280,
7081,7,280,
7082,8,280,
7083,9,280,
7084,10,280,
7085,11,280,
7086,12,280,
7087,13,280,
7088,14,280,
7089,15,280,
7090,16,280,
7091,17,280,
7092,18,280,
7093,19,280,
7094,20,280,
7095,21,280,
7096,22,280,
7097,23,280,
7098,24,280,
7099,25,280,
7100,26,280,
7101,27,280,
7102,28,280,
7103,29,280,
7104,30,280,
7105,31,280,
7106,32,280,
7107,33,280,
7108,34,280,1307
7109,35,280,3693
7110,36,280,1654
7111,1,281,
7112,2,281,
7113,3,281,
7114,4,281,
7115,5,281,
7116,6,281,
7117,7,281,
7118,8,281,
7119,9,281,
7120,10,281,
7121,11,281,
7122,12,281,
7123,13,281,
7124,14,281,
7125,15,281,
7126,16,281,
7127,17,281,
7128,18,281,
7129,19,281,
7130,20,281,
7131,21,281,
7132,22,281,
7133,23,281,
7134,24,281,
7135,25,281,
7136,26,281,
7137,27,281,
7138,28,281,
7139,29,281,
7140,30,281,
7141,31,281,
7142,32,281,
7143,33,281,
7144,34,281,1684
7145,35,281,
7146,36,281,1219
7147,1,282,
7148,2,282,
7149,3,282,
7150,4,282,
7151,5,282,
7152,6,282,
7153,7,282,
7154,8,282,
7155,9,282,
7156,10,282,
7157,11,282,
7158,12,282,
7159,13,282,
7160,14,282,
7161,15,282,
7162,16,282,
7163,17,282,
7164,18,282,
7165,19,282,
7166,20,282,
7167,21,282,
7168,22,282,
7169,23,282,
7170,24,282,
7171,25,282,
7172,26,282,
7173,27,282,
7174,28,282,
7175,29,282,
7176,30,282,
7177,31,282,
7178,32,282,
7179,33,282,
7180,34,282,
7181,35,282,3578
7182,36,282,3581
7183,1,283,
7184,2,283,
7185,3,283,
7186,4,283,
7187,5,283,
7188,6,283,
7189,7,283,
7190,8,283,
7191,9,283,
7192,10,283,
7193,11,283,
7194,12,283,
7195,13,283,
7196,14,283,
7197,15,283,
7198,16,283,
7199,17,283,
7200,18,283,2559
7201,1,284,
7202,2,284,
7203,3,284,
7204,4,284,
7205,5,284,
7206,6,284,
7207,7,284,
7208,8,284,
7209,9,284,
7210,10,284,
7211,11,284,
7212,12,284,
7213,13,284,
7214,14,284,
7215,15,284,
7216,16,284,
7217,17,284,
7218,18,284,
7219,19,284,
7220,20,284,
7221,21,284,
7222,22,284,
7223,23,284,
7224,24,284,
7225,25,284,
7226,26,284,
7227,27,284,
7228,28,284,
7229,29,284,
7230,30,284,
7231,31,284,
7232,32,284,
7233,33,284,
7234,34,284,
7235,35,284,3867
7236,36,284,1127
7237,1,285,
7238,2,285,
7239,3,285,
7240,4,285,
7241,5,285,
7242,6,285,
7243,7,285,
7244,8,285,
7245,9,285,
7246,10,285,
7247,11,285,
7248,12,285,
7249,13,285,
7250,14,285,
7251,15,285,
7252,16,285,
7253,17,285,
7254,18,285,3579
7255,1,286,
7256,2,286,
7257,3,286,
7258,4,286,
7259,5,286,
7260,6,286,
7261,7,286,
7262,8,286,
7263,9,286,
7264,10,286,
7265,11,286,
7266,12,286,
7267,13,286,
7268,14,286,
7269,15,286,
7270,16,286,
7271,17,286,
7272,18,286,1978
7273,1,287,
7274,2,287,
7275,3,287,
7276,4,287,
7277,5,287,
7278,6,287,
7279,7,287,
7280,8,287,
7281,9,287,
7282,10,287,
7283,11,287,
7284,12,287,
7285,13,287,
7286,14,287,
7287,15,287,
7288,16,287,
7289,17,287,
7290,18,287,
7291,19,287,
7292,20,287,
7293,21,287,
7294,22,287,
7295,23,287,
7296,24,287,
7297,25,287,
7298,26,287,
7299,27,287,
7300,28,287,
7301,29,287,
7302,30,287,
7303,31,287,
7304,32,287,
7305,33,287,
7306,34,287,
7307,35,287,574
7308,36,287,2784
7309,1,288,
7310,2,288,
7311,3,288,
7312,4,288,
7313,5,288,
7314,6,288,
7315,7,288,
7316,8,288,
7317,9,288,
7318,10,288,
7319,11,288,
7320,12,288,
7321,13,288,
7322,14,288,
7323,15,288,
7324,16,288,
7325,17,288,
7326,18,288,
7327,19,288,
7328,20,288,
7329,21,288,
7330,22,288,
7331,23,288,
7332,24,288,
7333,25,288,
7334,26,288,
7335,27,288,
7336,28,288,
7337,29,288,
7338,30,288,
7339,31,288,
7340,32,288,
7341,33,288,
7342,34,288,1316
7343,35,288,476
7344,36,288,1786
7345,1,289,
7346,2,289,
7347,3,289,
7348,4,289,
7349,5,289,
7350,6,289,
7351,7,289,
7352,8,289,
7353,9,289,
7354,10,289,
7355,11,289,
7356,12,289,
7357,13,289,
7358,14,289,
7359,15,289,
7360,16,289,
7361,17,289,
7362,18,289,3683
7363,1,290,
7364,2,290,
7365,3,290,
7366,4,290,
7367,5,290,
7368,6,290,
7369,7,290,
7370,8,290,
7371,9,290,
7372,10,290,
7373,11,290,
7374,12,290,
7375,13,290,
7376,14,290,
7377,15,290,
7378,16,290,
7379,17,290,
7380,18,290,
7381,19,290,
7382,20,290,
7383,21,290,
7384,22,290,
7385,23,290,
7386,24,290,
7387,25,290,
7388,26,290,
7389,27,290,
7390,28,290,
7391,29,290,
7392,30,290,
7393,31,290,
7394,32,290,
7395,33,290,
7396,34,290,
7397,35,290,1277
7398,36,290,5479
7399,1,291,
7400,2,291,
7401,3,291,
7402,4,291,
7403,5,291,
7404,6,291,
7405,7,291,
7406,8,291,
7407,9,291,
7408,10,291,
7409,11,291,
7410,12,291,
7411,13,291,
7412,14,291,
7413,15,291,
7414,16,291,
7415,17,291,
7416,18,291,5622
7417,1,292,
7418,2,292,
7419,3,292,
7420,4,292,
7421,5,292,
7422,6,292,
7423,7,292,
7424,8,292,
7425,9,292,
7426,10,292,
7427,11,292,
7428,12,292,
7429,13,292,
7430,14,292,
7431,15,292,
7432,16,292,
7433,17,292,
7434,18,292,296
7435,1,293,
7436,2,293,
7437,3,293,
7438,4,293,
7439,5,293,
7440,6,293,
7441,7,293,
7442,8,293,
7443,9,293,
7444,10,293,
7445,11,293,
7446,12,293,
7447,13,293,
7448,14,293,
7449,15,293,
7450,16,293,
7451,17,293,
7452,18,293,
7453,19,293,
7454,20,293,
7455,21,293,
7456,22,293,
7457,23,293,
7458,24,293,
7459,25,293,
7460,26,293,
7461,27,293,
7462,28,293,
7463,29,293,
7464,30,293,
7465,31,293,
7466,32,293,
7467,33,293,
7468,34,293,
7469,35,293,3748
7470,36,293,837
7471,1,294,
7472,2,294,
7473,3,294,
7474,4,294,
7475,5,294,
7476,6,294,
7477,7,294,
7478,8,294,
7479,9,294,
7480,10,294,
7481,11,294,
7482,12,294,
7483,13,294,
7484,14,294,
7485,15,294,
7486,16,294,
7487,17,294,
7488,18,294,
7489,19,294,
7490,20,294,
7491,21,294,
7492,22,294,
7493,23,294,
7494,24,294,
7495,25,294,
7496,26,294,
7497,27,294,
7498,28,294,
7499,29,294,
7500,30,294,
7501,31,294,
7502,32,294,
7503,33,294,
7504,34,294,
7505,35,294,3737
7506,36,294,3636
7507,1,295,
7508,2,295,
7509,3,295,
7510,4,295,
7511,5,295,
7512,6,295,
7513,7,295,
7514,8,295,
7515,9,295,
7516,10,295,
7517,11,295,
7518,12,295,
7519,13,295,
7520,14,295,
7521,15,295,
7522,16,295,
7523,17,295,
7524,18,295,
7525,19,295,
7526,20,295,
7527,21,295,
7528,22,295,
7529,23,295,
7530,24,295,
7531,25,295,
7532,26,295,
7533,27,295,
7534,28,295,
7535,29,295,
7536,30,295,
7537,31,295,
7538,32,295,
7539,33,295,
7540,34,295,
7541,35,295,880
7542,36,295,188
